Word,DominantModality,VisualStrengthMean,HapticStrengthMean,AuditoryStrengthMean,GustatoryStrengthMean,OlfactoryStrengthMean,ModalityExclusivity
abut,Haptic,2.25,3.25,0.5,0.25,0.25,0.461538462
accept,Haptic,1,1.142857143,1,0,0.428571429,0.32
accomplish,Haptic,2.4,2.8,2.2,1,0.8,0.217391304
adjoin,Haptic,2.333333333,3,0.166666667,0.166666667,0.166666667,0.485714286
admit,Auditory,1.666666667,0.166666667,2.833333333,0,0,0.607142857
afford,Visual,1.833333333,1.5,1,0.333333333,0,0.392857143
alienate,Visual,1.166666667,0.166666667,1.166666667,0,0,0.466666667
alter,Haptic,2.166666667,3.833333333,0,0,0,0.638888889
annihilate,Haptic,2.5,2.833333333,0.833333333,0,0,0.459459459
annoy,Auditory,2,0.666666667,2.666666667,0.166666667,0.666666667,0.405405405
appear,Visual,4.2,1.2,1,0,0,0.65625
appreciate,Visual,3.6,2.2,2.6,2.2,2.1,0.118110236
approach,Visual,3.428571429,1.428571429,1.285714286,0,0.285714286,0.533333333
arrange,Haptic,3.166666667,4,1.166666667,0.166666667,0.166666667,0.442307692
arrive,Visual,2.777777778,1,1.555555556,0,0.555555556,0.471698113
ascend,Haptic,1.444444444,2.111111111,0.222222222,0,0,0.558823529
assess,Visual,3,2.111111111,1.888888889,0.777777778,0.777777778,0.25974026
astonish,Visual,3.272727273,1,2.090909091,0.909090909,0.636363636,0.333333333
attend,Visual,2.714285714,1.428571429,2.428571429,0,0.142857143,0.404255319
await,Visual,1.5,0.3,0.7,0.1,0.2,0.5
babble,Auditory,1.8,0.8,3.2,0.8,0.6,0.361111111
bang,Auditory,2.555555556,3.555555556,4.777777778,0.555555556,0.555555556,0.351851852
bark,Auditory,0.428571429,0.571428571,3.714285714,0,0,0.787878788
bear,Haptic,2.142857143,3,1.714285714,2,1.571428571,0.136986301
behold,Visual,3.571428571,1.285714286,0.142857143,0,0,0.714285714
belittle,Visual,2.333333333,0.5,1.5,0,0,0.538461538
beseech,Auditory,2,0.6,2.4,0.4,0.8,0.322580645
bite,Haptic,0.833333333,2.833333333,0,2.666666667,0.333333333,0.425
blacken,Haptic,2.5,2.666666667,0.666666667,0.333333333,0.5,0.35
blare,Auditory,0,0.666666667,4.5,0,0,0.870967742
blast,Haptic,1.833333333,2.333333333,2,0.5,0.333333333,0.285714286
bolt,Visual,2.777777778,2.333333333,1.888888889,0,0.222222222,0.384615385
boom,Auditory,1.555555556,1.444444444,4.222222222,0,0.111111111,0.575757576
border,Haptic,2,3,0.4,0.2,0,0.535714286
borrow,Haptic,1.8,3.2,1,0.2,0.4,0.454545455
box,Haptic,2,4,0.4,0,0,0.625
brace,Haptic,3,4.6,0.6,0,0,0.56097561
breathe,Olfactory,0,0.888888889,0.111111111,0.444444444,1.777777778,0.551724138
brush,Haptic,0.571428571,4.571428571,0.571428571,0,0,0.8
buzz,Auditory,0.142857143,0.142857143,4.714285714,0,0,0.942857143
cackle,Auditory,0.888888889,0,3.888888889,0,0,0.813953488
caress,Haptic,1.166666667,4.833333333,0.333333333,0,0,0.763157895
catch,Haptic,3,4.666666667,0.666666667,0.333333333,0.166666667,0.509433962
caw,Auditory,0.333333333,0,1.333333333,0,0,0.8
change,Visual,2.142857143,1.714285714,0,0,0,0.555555556
chatter,Auditory,0.833333333,1,3.333333333,0,0,0.64516129
check,Visual,3.777777778,1.555555556,1,0.888888889,0.777777778,0.375
chew,Gustatory,0,1.2,0.2,4.6,0.4,0.71875
chime,Auditory,0.833333333,0.5,4.166666667,0,0,0.757575758
clang,Auditory,0.714285714,0.571428571,4.142857143,0,0,0.763157895
clank,Auditory,0.8,2.6,4.4,0,0,0.564102564
clap,Haptic,1,4.272727273,2.545454545,0,0,0.546511628
clatter,Auditory,0.571428571,0.571428571,4.857142857,0,0,0.80952381
clink,Haptic,1.6,2.8,2.4,0,0.2,0.4
complain,Visual,2.666666667,0.833333333,2,0.666666667,0.666666667,0.292682927
concentrate,Visual,1.8,0.6,1.4,1.2,1.4,0.1875
consider,Auditory,1.666666667,0.166666667,2.333333333,0.166666667,0.166666667,0.481481481
contact,Haptic,1.833333333,3,1.5,1,0.5,0.319148936
contemplate,Auditory,1.666666667,0.5,1.833333333,0.333333333,0.333333333,0.321428571
contend,Visual,2.4,1.4,1.6,1.4,1.4,0.12195122
converge,Visual,2.333333333,1.833333333,0.666666667,0,0,0.482758621
corrupt,Visual,1.666666667,1.666666667,0,0,0,0.5
cough,Auditory,0.333333333,1.333333333,2.666666667,1.5,0.5,0.368421053
crack,Auditory,2.333333333,2.833333333,3.166666667,0,0,0.38
crackle,Auditory,0.666666667,1.5,4,0,0,0.648648649
crash,Haptic,2.818181818,3.272727273,2.181818182,0,0,0.395604396
criticize,Auditory,1.727272727,0.454545455,2.909090909,0.272727273,0.181818182,0.491803279
croak,Auditory,1.8,0.6,2.6,0.4,0.8,0.35483871
denotate,Auditory,2,0.666666667,2.333333333,0,0.166666667,0.451612903
depart,Visual,2.166666667,2.166666667,0.833333333,0.166666667,0.166666667,0.363636364
descry,Visual,2.8,1,1.8,1,0.8,0.27027027
detect,Visual,3.111111111,1.666666667,2.444444444,1.777777778,2.111111111,0.13
differentiate,Visual,3.545454545,2.363636364,1.909090909,2.090909091,1.909090909,0.138461538
ding,Auditory,0.375,0.375,3.625,0,0,0.828571429
dip,Haptic,2.666666667,3.333333333,0,0.333333333,0,0.526315789
discern,Visual,2.666666667,1.5,1.833333333,1.5,1,0.196078431
discriminate,Visual,3.222222222,2.111111111,2.666666667,2.444444444,2.111111111,0.088495575
disobey,Auditory,1.833333333,1,2.666666667,0.833333333,0.166666667,0.384615385
dissect,Haptic,2.818181818,3.181818182,0.363636364,0.181818182,0.363636364,0.434210526
distinguish,Visual,3.363636364,2.636363636,1.909090909,1.818181818,2.272727273,0.128787879
distribute,Visual,2.833333333,2.166666667,0.5,0,0,0.515151515
disturb,Haptic,0.833333333,3.833333333,0.833333333,0.333333333,0.5,0.552631579
do,Haptic,2.090909091,3.090909091,1.818181818,1.545454545,1.454545455,0.163636364
down,Haptic,0.8,1.4,0,1.4,0,0.388888889
drag,Haptic,2.333333333,4.5,0.833333333,0,0,0.586956522
dry,Haptic,0.625,2.75,0,0,0,0.814814815
eat,Gustatory,2.333333333,3,1.222222222,4.777777778,3.777777778,0.235294118
eavesdrop,Auditory,2.833333333,0.5,4.833333333,0,0.5,0.557692308
echo,Auditory,0.333333333,0.5,4.833333333,0,0,0.852941176
effect,Haptic,1.272727273,2.090909091,1.090909091,1,1,0.169014085
emanate,Visual,2.833333333,0.5,1.333333333,0.166666667,1.333333333,0.432432432
emphasize,Auditory,0.714285714,0.428571429,1.714285714,0,0,0.6
emulate,Visual,2.428571429,0.428571429,1.285714286,0.142857143,0.142857143,0.516129032
endure,Haptic,1.625,3.125,2,1.75,1.75,0.146341463
enjoy,Visual,2.625,2.625,2.25,2.375,2,0.052631579
espy,Visual,4,0,0,0,0,1
examine,Visual,5,4.166666667,2.666666667,1.666666667,2,0.215053763
exchange,Visual,2.714285714,2.285714286,0.714285714,0,0,0.475
exhale,Olfactory,0.5,0.833333333,0.666666667,0.5,1,0.142857143
exist,Visual,4,3.909090909,3.090909091,2.636363636,2.727272727,0.083333333
experience,Visual,4.333333333,3.833333333,4.166666667,3.5,3.833333333,0.042372881
explore,Visual,4.222222222,4.111111111,2.888888889,2.222222222,2.222222222,0.127659574
expose,Visual,3.5,2.166666667,1.666666667,0.333333333,0.666666667,0.38
extend,Haptic,1.777777778,2.333333333,0.444444444,0,0,0.512195122
eye,Visual,4.666666667,0,0,0,0,1
feature,Visual,3,0.5,1.666666667,0.5,0.333333333,0.444444444
feel,Haptic,0.142857143,4.857142857,0.142857143,0.285714286,0.142857143,0.846153846
filter,Visual,2.363636364,2.090909091,1.272727273,0.818181818,0.818181818,0.209876543
finger,Haptic,0.571428571,5,0,0,0,0.897435897
flit,Haptic,1,2.8,0.6,1.4,1.2,0.314285714
flog,Haptic,0.571428571,2.571428571,0.142857143,0,0,0.782608696
fondle,Haptic,0.727272727,4.818181818,0,0,0,0.868852459
fumble,Haptic,2.333333333,4,1,0,0,0.545454545
gabble,Haptic,0.4,2,1.2,0,0,0.555555556
gape,Visual,2.2,2,1,0.6,1,0.235294118
gawk,Visual,4.888888889,0.111111111,0.333333333,0,0.333333333,0.862745098
gaze,Visual,4.857142857,0,0,0,0,1
generate,Haptic,1.6,2,0.8,0.6,0.6,0.25
get,Haptic,2.333333333,3.333333333,1,0.333333333,0.166666667,0.441860465
give,Haptic,1.545454545,2.363636364,0.636363636,0.363636364,0.363636364,0.379310345
glance,Visual,4.428571429,0,0,0,0,1
glimpse,Visual,4.636363636,0,0,0,0,1
goggle,Visual,4.571428571,0.428571429,0.285714286,0,0,0.864864865
govern,Auditory,1.8,0.4,2.8,0.6,0.6,0.387096774
graze,Haptic,2,2.333333333,0.5,2.333333333,0.833333333,0.229166667
grope,Haptic,0.428571429,5,0,0,0,0.921052632
hail,Visual,2.8,1.6,0.6,0,0,0.56
hammer,Haptic,3.166666667,3.833333333,2.5,0,0,0.403508772
handle,Haptic,1.666666667,4.5,0.333333333,0.833333333,0.333333333,0.543478261
hark,Auditory,2.333333333,0.555555556,3.555555556,0.555555556,0.555555556,0.397058824
heal,Haptic,1.428571429,3.142857143,0.428571429,0,0.285714286,0.594594595
hear,Auditory,0,0.166666667,4.833333333,0,0,0.966666667
hearken,Auditory,1.833333333,0.333333333,3.333333333,0,0.166666667,0.588235294
heed,Auditory,1.666666667,0.833333333,2.166666667,0.166666667,0.166666667,0.4
hit,Haptic,2.333333333,4.222222222,1.666666667,0.666666667,0.555555556,0.388235294
hold,Haptic,0.714285714,4.857142857,0,0,0,0.871794872
hum,Auditory,0.166666667,0.666666667,4.333333333,0.166666667,0,0.8125
identify,Visual,4.111111111,2.777777778,2,1.666666667,1.555555556,0.211009174
impress,Visual,3.222222222,1.888888889,2.444444444,0.888888889,1.222222222,0.24137931
incorporate,Haptic,1.142857143,3.142857143,1.571428571,0.285714286,0,0.511627907
incriminate,Auditory,1.571428571,0,1.857142857,0,0,0.541666667
inhale,Olfactory,0.444444444,0.777777778,1.222222222,1.888888889,4.666666667,0.469135802
insist,Auditory,2.125,1,2.25,0,0,0.418604651
inspect,Visual,4.5,3.166666667,1.833333333,0.333333333,0.333333333,0.409836066
interrupt,Auditory,2.6,1.4,3,0.8,0.8,0.255813953
jabber,Auditory,0.555555556,0.555555556,3.111111111,0,0.111111111,0.717948718
jangle,Auditory,0.857142857,2.142857143,3.285714286,0,0,0.522727273
journey,Visual,2.75,1.375,1.375,0.125,0.375,0.4375
jump,Haptic,0.666666667,2.444444444,0,0,0,0.785714286
justify,Auditory,0.857142857,0.428571429,1.714285714,0.428571429,0.428571429,0.333333333
keep,Haptic,0.5,3.25,0.375,0,0,0.787878788
kiss,Haptic,2.8,4,1.2,2.2,1,0.267857143
know,Auditory,1.222222222,1.333333333,2.111111111,0.666666667,0.666666667,0.240740741
label,Visual,3.666666667,3.333333333,1.777777778,1.444444444,1.333333333,0.201923077
leave,Visual,2.833333333,2,2,0,0.166666667,0.404761905
license,Visual,1.833333333,1.833333333,0.666666667,0,0,0.423076923
lick,Gustatory,0.833333333,1.166666667,0.666666667,4.666666667,0.833333333,0.489795918
listen,Auditory,0,0,5,0,0,1
look,Visual,5,0.714285714,0,0,0,0.875
loosen,Haptic,2.166666667,4.5,0.333333333,0,0,0.642857143
lubricate,Haptic,2.833333333,4.166666667,0.166666667,0,0.333333333,0.555555556
manipulate,Haptic,1.5,4.333333333,1,0,0,0.634146341
mark,Visual,3.5,2.833333333,0.833333333,0,0,0.488372093
massage,Haptic,1.181818182,4.818181818,0,0,0,0.803030303
maul,Haptic,1.8,3.8,0.2,0.8,0.6,0.5
meet,Visual,3.166666667,2.5,1.666666667,0.166666667,0.166666667,0.391304348
mope,Auditory,1.2,1.2,2,0.6,0.8,0.24137931
move,Haptic,2.8,3,1.4,0.8,0.6,0.279069767
narrate,Auditory,3.5,0.5,4,0,0.166666667,0.489795918
negotiate,Visual,3.111111111,1.444444444,2.444444444,0.444444444,0,0.417910448
nibble,Gustatory,1.142857143,1.142857143,0.142857143,4.285714286,0.571428571,0.568627451
nose,Olfactory,0.8,1,0.4,0.6,3,0.448275862
note,Visual,1.571428571,1.428571429,1,0,0,0.392857143
notice,Visual,4.777777778,2.333333333,3.444444444,1.888888889,2.888888889,0.188405797
nudge,Haptic,1.909090909,3.818181818,0,0,0,0.666666667
observe,Visual,4.833333333,0.5,2.166666667,0.666666667,0.833333333,0.481481481
ogle,Visual,4.4,0.4,1,0,0,0.75862069
outlive,Visual,2.333333333,1,1.166666667,0.5,0.5,0.333333333
overhear,Auditory,0.166666667,0,4.833333333,0,0,0.966666667
oversee,Visual,4.666666667,1,2.666666667,0.166666667,0.333333333,0.509433962
palpate,Haptic,0.625,4.625,0.625,0,0,0.787234043
partake,Visual,2.833333333,2,2,2.333333333,1.5,0.125
pat,Haptic,1,4.4,0,0,0,0.814814815
patronize,Auditory,1.2,0.4,1.8,0.2,0.2,0.421052632
paw,Haptic,1.285714286,4.857142857,0,0,0,0.790697674
peal,Haptic,2,2.75,0.625,0.25,0.75,0.392156863
peep,Visual,3.833333333,0,1.666666667,0,0,0.696969697
peer,Visual,4.333333333,0.666666667,0.666666667,0.111111111,0.111111111,0.716981132
perceive,Visual,4.166666667,2.5,3.666666667,2.666666667,2.833333333,0.105263158
perfume,Olfactory,0.333333333,0.333333333,0.333333333,0.666666667,4.5,0.675675676
pet,Haptic,1.166666667,4.666666667,0.333333333,0,0,0.756756757
poke,Haptic,1.857142857,4.142857143,0,0,0,0.69047619
prattle,Auditory,0,0.25,2,0,0,0.888888889
present,Visual,2.857142857,1.142857143,0.857142857,0,0,0.588235294
process,Visual,1.833333333,1.5,1.666666667,0.5,0.5,0.222222222
prohibit,Visual,1.5,1,1,0,0,0.428571429
prove,Auditory,2.428571429,0.428571429,2.571428571,0.428571429,0.428571429,0.340909091
publish,Visual,2.5,2,0.833333333,0,0,0.46875
quack,Auditory,0.166666667,0,2.666666667,0,0,0.941176471
question,Auditory,2.2,1.4,3.2,0.4,0.4,0.368421053
rattle,Auditory,2.222222222,2.222222222,3.555555556,0,0,0.444444444
reach,Haptic,3.166666667,4,0.333333333,0,0,0.533333333
receive,Haptic,1.857142857,3.285714286,1,0.714285714,0.714285714,0.339622642
recognize,Visual,3.666666667,1.5,1.666666667,0.333333333,0.333333333,0.444444444
redecorate,Visual,4.333333333,2.166666667,0,0,0.5,0.619047619
reek,Olfactory,0.333333333,0.111111111,0,0.333333333,4.666666667,0.857142857
regard,Visual,3.666666667,0.5,2,0.5,0.166666667,0.512195122
reinforce,Haptic,1.333333333,2.833333333,0.666666667,0.333333333,0.166666667,0.5
release,Haptic,0.833333333,2.666666667,0.333333333,0.333333333,0.333333333,0.518518519
relish,Gustatory,0.571428571,1,0.571428571,2,0.714285714,0.294117647
remark,Auditory,0.142857143,0,2.714285714,0,0,0.95
resemble,Visual,4.625,1.875,2.375,1,0.875,0.348837209
resonate,Auditory,1,1,3.111111111,0,0.333333333,0.571428571
resound,Auditory,0.375,0.125,3.5,0.125,0.125,0.794117647
reverberate,Auditory,0,0.285714286,3.428571429,0,0,0.923076923
review,Visual,3,0.8,1.8,0.4,0.6,0.393939394
roar,Auditory,0,0.166666667,1.833333333,0,0,0.916666667
rub,Haptic,0.857142857,5,0.142857143,0,0,0.833333333
rumble,Auditory,0.666666667,2.333333333,3.166666667,1,0.166666667,0.409090909
sample,Gustatory,2,2,1.636363636,3.545454545,2,0.170731707
savor,Gustatory,1.909090909,0.909090909,0.363636364,4.636363636,1.818181818,0.443396226
savour,Gustatory,1.2,0.8,0.8,4.4,2.6,0.367346939
say,Auditory,1.8,0.6,2.8,1,0.4,0.363636364
scan,Visual,4.666666667,1,1.833333333,0.666666667,0.666666667,0.452830189
scent,Olfactory,0,0,0,0.285714286,5,0.945945946
scrutinize,Visual,4.833333333,1.833333333,2.333333333,1,1.166666667,0.343283582
search,Visual,4.857142857,2,1.857142857,0.142857143,1.285714286,0.464788732
secure,Haptic,3.5,4,1.166666667,0,0,0.461538462
see,Visual,5,0.571428571,0,0,0,0.897435897
seem,Visual,3.25,1.625,1.625,0.75,0.625,0.333333333
sense,Haptic,3,3.571428571,3.571428571,2.285714286,2.714285714,0.08490566
shout,Auditory,0.333333333,0.166666667,4,0,0,0.888888889
shriek,Auditory,1,1.4,4,0.4,0,0.588235294
sight,Visual,4.714285714,0,0,0,0,1
signify,Visual,2.5,1.666666667,1.333333333,0,0.166666667,0.441176471
sing,Auditory,1.333333333,0.166666667,4.5,0.166666667,0.333333333,0.666666667
sip,Gustatory,0,1.444444444,0,4.666666667,0.333333333,0.724137931
sit,Haptic,1.428571429,2.428571429,0,0,0,0.62962963
slam,Haptic,2.181818182,3.545454545,2.272727273,0,0,0.443181818
slip,Haptic,1.5,3.5,0.166666667,0,0,0.677419355
smack,Haptic,1.666666667,4.5,0.666666667,0,0,0.658536585
smell,Olfactory,0.333333333,0.333333333,0.166666667,1.333333333,5,0.674418605
smooth,Haptic,2,4.666666667,0,0.166666667,0,0.682926829
snap,Haptic,0.3,3.7,3.2,0,0,0.513888889
sniff,Olfactory,0.5,0,0.166666667,0.666666667,4.833333333,0.783783784
snort,Olfactory,0,0.857142857,1.857142857,0.714285714,2.571428571,0.428571429
snuff,Haptic,0.8,2.6,0.2,0.4,1.8,0.413793103
sound,Auditory,0.333333333,0.666666667,4.333333333,0.166666667,0.166666667,0.735294118
spot,Visual,5,0.333333333,0.222222222,0,0,0.9
spy,Visual,4.666666667,0.833333333,4.666666667,0,0.5,0.4375
squawk,Auditory,0,0,2.888888889,0,0,1
squeal,Auditory,0,0,3.428571429,0,0,1
stabilize,Haptic,1.222222222,3.111111111,0.222222222,0.222222222,0.222222222,0.577777778
stage,Visual,4.6,2.6,1,0,0,0.56097561
stalk,Visual,4,0.857142857,2.428571429,0,0.142857143,0.538461538
stare,Visual,4.833333333,0,0,0,0,1
stench,Olfactory,0.166666667,0.166666667,0.166666667,1,3.833333333,0.6875
stink,Olfactory,0.181818182,0,0,0.545454545,5,0.873015873
strike,Haptic,1.5,4,0.5,0,0,0.666666667
string,Haptic,1,3.285714286,0.571428571,0,0,0.676470588
stroke,Haptic,1,4.636363636,0,0,0,0.822580645
struggle,Haptic,1.666666667,3.333333333,1.333333333,0,0.166666667,0.512820513
study,Visual,4.111111111,0.666666667,1.333333333,0,0,0.672727273
suck,Gustatory,0.8,2.8,0.4,3.8,0.8,0.395348837
suffer,Haptic,2,2.833333333,1.333333333,0.166666667,0.166666667,0.41025641
suffice,Visual,1.8,0.6,1.6,0.6,0.4,0.28
suggest,Auditory,2.111111111,0.555555556,3,0.111111111,0,0.519230769
survey,Visual,3.6,2,1.4,0.4,0.6,0.4
sweep,Visual,3.428571429,2.714285714,1,0,0.142857143,0.470588235
swill,Gustatory,0.666666667,1.5,0.166666667,2.666666667,1.166666667,0.405405405
swoop,Haptic,1.5,2.333333333,1.166666667,0.166666667,0.333333333,0.393939394
tap,Haptic,1.6,4.4,0.6,0.2,0.8,0.552631579
taste,Gustatory,0.222222222,0.444444444,0,5,1.555555556,0.692307692
test,Visual,3.166666667,3.166666667,2.5,2,1.666666667,0.12
thicken,Haptic,2.272727273,3.090909091,0,1,0.090909091,0.478873239
threaten,Visual,3.272727273,1.363636364,2.454545455,0,0.090909091,0.455696203
thud,Haptic,0.5,2.666666667,2.333333333,0.166666667,0.166666667,0.428571429
thumb,Haptic,1.333333333,3,0.666666667,0.666666667,0.5,0.405405405
thump,Haptic,1,3.6,1.7,0.1,0.1,0.538461538
toll,Visual,2.25,2.25,2.25,0,0,0.333333333
toot,Auditory,1,2,2.833333333,0.166666667,0.333333333,0.421052632
touch,Haptic,1.6,5,0.2,0.2,0.2,0.666666667
travel,Visual,3.857142857,1.714285714,1.571428571,1.571428571,1.428571429,0.23943662
trigger,Auditory,2.666666667,1.888888889,3,1.444444444,2,0.141414141
trumpet,Auditory,0.888888889,1.222222222,3.111111111,0.444444444,0,0.549019608
try,Haptic,1.833333333,2.5,1.333333333,1.5,0.666666667,0.234042553
tweak,Haptic,1.444444444,3.555555556,1.444444444,0.555555556,0.555555556,0.397058824
twist,Haptic,2.333333333,4.666666667,0.166666667,0,0,0.651162791
undergo,Haptic,1.666666667,2.166666667,0.666666667,0.166666667,0.333333333,0.4
use,Haptic,2.4,3.4,2,0.2,1,0.355555556
vacate,Haptic,0.333333333,1.333333333,0.166666667,0,0,0.727272727
view,Visual,5,0.166666667,1,0,0.166666667,0.789473684
vomit,Gustatory,0.833333333,1.333333333,1.166666667,3.5,2,0.301886792
watch,Visual,5,0,1.571428571,0,0,0.760869565
whiff,Olfactory,0.5,0.833333333,0.166666667,1,4.333333333,0.609756098
whine,Auditory,0.285714286,0.571428571,3.714285714,0,0,0.8125
whisper,Auditory,0.333333333,0,4.166666667,0,0,0.925925926
witness,Visual,5,0.181818182,1.090909091,0.090909091,0.181818182,0.75
work,Visual,3.5,3.333333333,2,0.666666667,0.666666667,0.278688525
zap,Haptic,1,2.727272727,1.181818182,0.090909091,0.181818182,0.50877193
abrasive,Haptic,2.894736842,3.684210526,1.684210526,0.578947368,0.578947368,0.329608939
absorbent,Visual,4.142857143,3.142857143,0.714285714,0.476190476,0.476190476,0.409574468
aching,Haptic,2.047619048,3.666666667,0.666666667,0.047619048,0.095238095,0.554744526
acidic,Gustatory,2.19047619,1.142857143,0.476190476,4.19047619,2.904761905,0.340611354
acrid,Olfactory,1.125,0.625,0.375,3,3.5,0.362318841
adhesive,Haptic,3.666666667,4.333333333,1.19047619,0.904761905,1.761904762,0.289156627
alcoholic,Gustatory,2.85,0.35,0.75,4.35,4.3,0.317460317
alive,Visual,4.571428571,3.80952381,4.095238095,1.571428571,2.380952381,0.182608696
amber,Visual,4.476190476,0.523809524,0.142857143,0.571428571,0.857142857,0.65942029
angular,Visual,4.285714286,4.095238095,0.25,0.047619048,0.047619048,0.485675307
antiseptic,Olfactory,1.666666667,0.9,0.142857143,1.761904762,3.952380952,0.4522329
aromatic,Olfactory,1.3,0.333333333,0.285714286,3.380952381,4.523809524,0.431410567
astringent,Gustatory,1.625,0.5,0.375,1.75,1.25,0.25
audible,Auditory,1.142857143,0.285714286,4.952380952,0.047619048,0.047619048,0.757352941
banging,Auditory,3.047619048,1.333333333,4.523809524,0,0.047619048,0.505319149
barbecued,Gustatory,4.619047619,1.380952381,1.571428571,4.952380952,4.666666667,0.207756233
barking,Auditory,3.380952381,0.476190476,5,0.142857143,0.523809524,0.51
beautiful,Visual,4.619047619,2.761904762,2.904761905,2.80952381,2.80952381,0.116766467
beeping,Auditory,1.428571429,0.142857143,4.857142857,0,0.047619048,0.75
beery,Gustatory,3.157894737,0.894736842,0.631578947,4.263157895,3.526315789,0.291139241
beige,Visual,4.476190476,0.095238095,0.095238095,0.047619048,0.095238095,0.920792079
bent,Visual,4.619047619,4.095238095,0,0.047619048,0,0.527173913
big,Visual,4.857142857,4.380952381,1.714285714,0.857142857,0.428571429,0.361867704
biscuity,Gustatory,3.476190476,2.238095238,0.904761905,4.952380952,3,0.277777778
bitter,Gustatory,0.857142857,0.095238095,0.19047619,4.904761905,2.904761905,0.537234043
black,Visual,4.571428571,0.095238095,0.142857143,0.095238095,0.142857143,0.886792453
bland,Gustatory,2.095238095,0.428571429,0.80952381,4.80952381,3.619047619,0.372469636
blaring,Auditory,1.3,0.45,4.5,0.2,0.2,0.646616541
bleeping,Auditory,1.666666667,0.19047619,4.952380952,0.095238095,0.142857143,0.689189189
blonde,Visual,4.80952381,0.047619048,0.19047619,0.047619048,0.142857143,0.909090909
bloody,Visual,4.714285714,1.857142857,0.7,1.285714286,1.142857143,0.413843888
blotchy,Visual,4.619047619,1.666666667,0.428571429,0.380952381,0.238095238,0.597402597
blue,Visual,4.761904762,0.238095238,0.761904762,0,0.19047619,0.8
blunt,Haptic,4.571428571,4.714285714,0.904761905,0.25,0.19047619,0.425531915
boiling,Visual,4.428571429,4.047619048,2.761904762,2.095238095,1,0.239202658
booming,Auditory,2.095238095,0.952380952,4.571428571,0.095238095,0.095238095,0.573170732
bouncy,Haptic,3.571428571,3.666666667,2,0,0,0.396907216
brackish,Haptic,2,3,1.5,1.5,2,0.15
branching,Visual,4.1,2.45,1.2,0.05,0.1,0.512658228
breakable,Visual,4.285714286,4.238095238,2.095238095,0.095238095,0.095238095,0.387665198
breezy,Visual,3,2.761904762,2.952380952,0.047619048,0.571428571,0.316326531
bright,Visual,5,0.19047619,0.142857143,0.047619048,0.095238095,0.904347826
brilliant,Visual,3.952380952,2.19047619,3,2.523809524,2.095238095,0.134948097
briny,Gustatory,2.153846154,1.538461538,0.846153846,3.230769231,2.153846154,0.240310078
bristly,Haptic,4.3,4.65,1.95,1.05,0.2,0.366255144
brittle,Haptic,3.428571429,3.952380952,1.523809524,0.380952381,0.047619048,0.418367347
broad,Visual,4.047619048,3.095238095,0.952380952,0.19047619,0.285714286,0.45
broken,Visual,4.857142857,4.333333333,3.19047619,0.476190476,0.476190476,0.328571429
bronze,Visual,4.333333333,0.80952381,0.142857143,0.285714286,0.619047619,0.676923077
brown,Visual,4.714285714,0.19047619,0.095238095,0.333333333,0.238095238,0.829059829
brunette,Visual,4.8,0,0.1,0,0,0.979591837
bulky,Visual,4.428571429,3.761904762,0.571428571,0.333333333,0.095238095,0.471502591
bumpy,Haptic,4.095238095,4.476190476,1.238095238,0.65,0.047619048,0.421481985
burning,Olfactory,4.047619048,3.619047619,1.714285714,2.523809524,4.428571429,0.166180758
burnt,Olfactory,4.19047619,2.380952381,0.476190476,4.047619048,4.571428571,0.261398176
bursting,Visual,4.238095238,3.238095238,2.761904762,1.19047619,1,0.260536398
buttery,Gustatory,3.095238095,1.80952381,0.095238095,4.904761905,3.19047619,0.367272727
buzzing,Auditory,1.80952381,1.714285714,4.714285714,0.142857143,0.047619048,0.553672316
caramelized,Gustatory,3.523809524,1.428571429,0.285714286,4.380952381,3.904761905,0.302816901
charred,Visual,3.684210526,1.684210526,0.157894737,2.421052632,3.315789474,0.313084112
cheesy,Gustatory,3.047619048,0.476190476,0.666666667,4.714285714,4.19047619,0.323636364
checkered,Visual,4.473684211,0.263157895,0.105263158,0,0,0.923913043
chewy,Gustatory,2.571428571,2.047619048,1.333333333,4.476190476,0.619047619,0.349137931
chilly,Haptic,2.952380952,4.19047619,0.666666667,1.285714286,0.571428571,0.374384236
chocolatey,Gustatory,4.19047619,1,0.333333333,4.952380952,4.523809524,0.307936508
chubby,Visual,4.952380952,4.095238095,0.428571429,0.19047619,0.571428571,0.465116279
circular,Visual,4.761904762,3.857142857,0.142857143,0.095238095,0,0.537634409
citrusy,Gustatory,2.571428571,0.571428571,0.047619048,5,3.952380952,0.407843137
clammy,Haptic,2.75,4.35,0.4,0.6,1.45,0.413612565
clamorous,Haptic,2.25,2.875,2.375,0.125,0.875,0.323529412
clean,Visual,4.619047619,3.333333333,0.571428571,1.80952381,3.80952381,0.286195286
clear,Visual,4.523809524,1.238095238,2.523809524,0.571428571,1.047619048,0.399038462
cloudy,Visual,4.714285714,0.285714286,0.142857143,0.333333333,0.142857143,0.813559322
cloying,Gustatory,1.666666667,1.75,0.333333333,3.333333333,2.333333333,0.318584071
coconutty,Gustatory,3.619047619,1.523809524,0.19047619,4.666666667,3.619047619,0.328671329
cold,Haptic,2.857142857,4.666666667,0.761904762,2.380952381,0.952380952,0.336065574
colossal,Visual,4.875,2.294117647,1.6875,0.3125,0.5625,0.468832641
colorful,Visual,4.80952381,0.238095238,0.19047619,0.333333333,0.428571429,0.76984127
compact,Visual,4.761904762,2.904761905,0.476190476,0.285714286,0.19047619,0.53038674
conical,Visual,4.692307692,4.076923077,0.153846154,0.076923077,0,0.521367521
contoured,Visual,4.15,3.6,0.35,0.05,0.1,0.496969697
cooing,Auditory,2.157894737,0.105263158,4.842105263,0,0,0.681481481
cool,Haptic,2.428571429,4.333333333,0.380952381,1.857142857,0.285714286,0.435897436
crackling,Auditory,2.80952381,1.380952381,4.285714286,1.333333333,0.904761905,0.315555556
craggy,Visual,3.466666667,2.666666667,1,0.133333333,0.133333333,0.45045045
crashing,Visual,4.619047619,1.238095238,4.571428571,0.142857143,0.523809524,0.403433476
creaking,Auditory,2.047619048,1.142857143,4.476190476,0,0,0.583850932
creamy,Gustatory,3.80952381,2.761904762,0.19047619,4.476190476,2.380952381,0.314685315
creased,Visual,4.7,3.65,0.15,0.15,0.15,0.517045455
crimson,Visual,4.428571429,0.285714286,0.19047619,0.047619048,0.095238095,0.867924528
crinkled,Visual,4.619047619,4.619047619,2.714285714,0.904761905,0.238095238,0.334545455
crisp,Haptic,3.095238095,3.380952381,2.047619048,2.666666667,1.142857143,0.181467181
crooked,Visual,4.476190476,3.571428571,0.619047619,0.19047619,0.142857143,0.481481481
crowded,Visual,4.619047619,2.285714286,3.714285714,0,0.761904762,0.405857741
crunching,Auditory,2.142857143,2.142857143,3.714285714,3.047619048,0.428571429,0.286307054
crying,Auditory,4.428571429,1.238095238,4.476190476,0.142857143,0.047619048,0.428571429
curly,Visual,4.761904762,3.857142857,0,0.285714286,0,0.534759358
curved,Visual,4.5,3.95,0.1,0.105263158,0,0.519914868
cute,Visual,4.761904762,1.666666667,3.142857143,0.380952381,0.80952381,0.407079646
damp,Haptic,3.80952381,4.142857143,0.380952381,0.380952381,3.142857143,0.317269076
dank,Visual,3.466666667,1.176470588,0.866666667,0.733333333,2.8,0.302254987
dappled,Visual,4,1.857142857,0.571428571,0.214285714,0.285714286,0.546391753
dark,Visual,4.428571429,0.19047619,0.714285714,0.523809524,0.19047619,0.700787402
dazzling,Visual,4.904761905,0.380952381,0.619047619,0.095238095,0.238095238,0.770992366
dead,Visual,4.095238095,2.428571429,1.380952381,0.238095238,2.333333333,0.368181818
deafening,Auditory,1.238095238,0.19047619,5,0.047619048,0,0.772058824
deep,Visual,4.428571429,3.619047619,2.095238095,0.285714286,0.380952381,0.383259912
delicious,Gustatory,3.380952381,1.333333333,1.333333333,4.714285714,4.19047619,0.22611465
dim,Visual,4.333333333,0.095238095,0.80952381,0.25,0.19047619,0.746331237
dirty,Visual,4.80952381,2.714285714,0.476190476,1.285714286,3.523809524,0.338289963
downy,Visual,3.333333333,2.75,0.133333333,0.133333333,0,0.524934383
drab,Visual,4.105263158,1.105263158,1.263157895,1.368421053,0.736842105,0.392638037
dry,Haptic,3.571428571,4.285714286,0.333333333,2.523809524,0.428571429,0.354700855
dull,Visual,4.285714286,0.571428571,2.333333333,1.238095238,1.19047619,0.386138614
dusty,Visual,4.285714286,3.380952381,0.05,0.380952381,1.19047619,0.456036914
earthy,Visual,3.952380952,3.428571429,1.047619048,2,3.095238095,0.214788732
echoing,Auditory,0.523809524,0.333333333,4.714285714,0,0,0.846153846
eggy,Gustatory,2.857142857,1.047619048,0.142857143,4.380952381,4.333333333,0.332089552
elastic,Haptic,3.80952381,4.571428571,1.952380952,0.619047619,0.666666667,0.340163934
elegant,Visual,4.761904762,1.523809524,1.857142857,0.666666667,1.095238095,0.413461538
empty,Visual,4.75,3.6,1.65,0.25,0.15,0.442307692
enormous,Visual,4.761904762,3.857142857,1.19047619,0.095238095,0.333333333,0.455813953
faint,Visual,2.761904762,0.619047619,2.333333333,1.428571429,1.857142857,0.238095238
falling,Visual,4.857142857,1.80952381,3,0.19047619,0.19047619,0.464454976
fat,Visual,4.619047619,3.761904762,0.380952381,1.55,0.952380952,0.376241809
fatty,Gustatory,3.666666667,1.857142857,0.333333333,4.380952381,1.714285714,0.338645418
feverish,Haptic,2.857142857,3.19047619,0.666666667,0.238095238,0.285714286,0.407894737
filthy,Visual,4.857142857,2,0.380952381,0.238095238,2.428571429,0.466346154
fishy,Olfactory,3.380952381,0.952380952,0.285714286,4.476190476,4.571428571,0.31358885
flaky,Haptic,3.761904762,3.952380952,1.19047619,1.714285714,0.333333333,0.330434783
flat,Visual,4.523809524,4.142857143,0.857142857,0.523809524,0.047619048,0.443396226
flavorsome,Gustatory,1.904761905,0.428571429,0.19047619,4.857142857,4.238095238,0.401639344
fleshy,Visual,4.285714286,3.571428571,0.095238095,2.15,0.904761905,0.38070517
flickering,Visual,4.761904762,0.571428571,1.285714286,0.095238095,0.095238095,0.685314685
floppy,Visual,4.238095238,4.19047619,0.142857143,0.238095238,0.142857143,0.457446809
floral,Visual,4.80952381,1.523809524,0.142857143,1.35,3.80952381,0.401064047
flowery,Visual,4.428571429,1.857142857,0,0.571428571,3.904761905,0.411504425
fluffy,Haptic,4.047619048,4.571428571,0.333333333,1.095238095,0.333333333,0.408256881
foamy,Visual,4.523809524,3.666666667,0.285714286,1.19047619,0.428571429,0.419811321
fetid,Olfactory,2.25,1.25,0,2.25,2.25,0.28125
foggy,Visual,4.761904762,0.80952381,0.333333333,0.095238095,0.476190476,0.720588235
forked,Visual,4.047619048,3.428571429,0.285714286,0.238095238,0.095238095,0.488235294
fragrant,Olfactory,0.952380952,0.238095238,0.238095238,2.761904762,5,0.518134715
freezing,Haptic,3.952380952,4.761904762,0.666666667,2.095238095,0.619047619,0.342519685
fresh,Olfactory,3.952380952,2.428571429,1,4.095238095,4.523809524,0.220238095
frosty,Visual,4.047619048,3.761904762,1.047619048,0.952380952,0.857142857,0.299107143
fruity,Gustatory,3.238095238,0.904761905,0.238095238,4.761904762,4.428571429,0.333333333
fuzzy,Visual,3.666666667,3.047619048,1.571428571,0.285714286,0,0.427777778
gamy,Haptic,2.785714286,2.785714286,0.428571429,2.214285714,2.071428571,0.229166667
garlicky,Gustatory,2.142857143,0.142857143,0.142857143,4.952380952,4.428571429,0.407258065
gigantic,Visual,4.714285714,3.285714286,1.380952381,0.142857143,0.19047619,0.470588235
giggling,Auditory,3.952380952,0.571428571,4.714285714,0,0,0.510309278
glamorous,Visual,4.666666667,1.571428571,1.714285714,0.238095238,1.238095238,0.46969697
gleaming,Visual,4.571428571,0.761904762,0.523809524,0.238095238,0.619047619,0.645390071
glistening,Visual,4.380952381,0.619047619,0.952380952,0.142857143,0.19047619,0.674242424
glittery,Visual,4.666666667,2,0.761904762,0.047619048,0.095238095,0.610062893
globular,Visual,4.444444444,3.166666667,0.777777778,0.888888889,0.333333333,0.427745665
glossy,Visual,4.80952381,3.761904762,0.380952381,0.476190476,0.333333333,0.458536585
glowing,Visual,4.571428571,0.523809524,0.428571429,0.142857143,0.285714286,0.744
gold,Visual,4.523809524,1.047619048,0.142857143,0.142857143,0.238095238,0.71875
gooey,Haptic,4.238095238,4.666666667,1.571428571,2.619047619,0.714285714,0.286206897
gorgeous,Visual,4.904761905,2.19047619,1.476190476,2.523809524,2.857142857,0.245733788
grainy,Haptic,3.428571429,4.19047619,1.238095238,2.333333333,0.476190476,0.318367347
grassy,Visual,4.619047619,3.238095238,0.2,0.333333333,3,0.387959866
greasy,Haptic,3.761904762,3.952380952,0.19047619,3.80952381,2.333333333,0.26779661
green,Visual,4.952380952,0.380952381,0.238095238,0.523809524,0.714285714,0.692307692
gray,Visual,4.761904762,0.047619048,0.380952381,0.095238095,0.285714286,0.846153846
gritty,Haptic,3.476190476,4.333333333,1.857142857,1.857142857,0.19047619,0.353658537
groaning,Auditory,2.142857143,0.142857143,4.476190476,0,0.047619048,0.657342657
grotesque,Visual,4.380952381,2.857142857,1.761904762,2.761904762,3,0.177419355
growling,Auditory,3.047619048,0.19047619,4.619047619,0.095238095,0.19047619,0.555555556
grubby,Visual,4.666666667,2.333333333,0.142857143,0.19047619,2.142857143,0.477386935
gurgling,Auditory,3.238095238,0.714285714,4.380952381,0.476190476,0.523809524,0.418367347
hairy,Visual,4.476190476,4.428571429,0.19047619,0.19047619,0.19047619,0.452261307
handsome,Visual,4.952380952,1.428571429,0.904761905,0.333333333,1.380952381,0.513227513
happy,Visual,4.333333333,1.238095238,3.619047619,1.142857143,1.285714286,0.274590164
hard,Haptic,3.904761905,4.714285714,1.285714286,1,0.095238095,0.41991342
harsh,Auditory,3.19047619,2.523809524,3.333333333,2.285714286,1.80952381,0.115942029
hazy,Visual,4.380952381,0.142857143,0.952380952,0,0.476190476,0.736
heavy,Haptic,3.523809524,3.904761905,1.714285714,0.571428571,0.238095238,0.368421053
herby,Gustatory,2.80952381,0.761904762,0.047619048,4.80952381,4.142857143,0.378787879
high,Visual,4.380952381,2.285714286,2.476190476,0.285714286,0.285714286,0.421568627
hissing,Auditory,2.095238095,0.333333333,4.523809524,0.047619048,0.047619048,0.635135135
hoarse,Auditory,1.55,1.45,3.9,0.35,0.15,0.506756757
hollow,Visual,4.380952381,4.142857143,3.857142857,0.571428571,0.095238095,0.328467153
honeyed,Gustatory,3.047619048,1.333333333,0.333333333,4.095238095,3.571428571,0.303846154
hot,Haptic,3.333333333,4.857142857,1.047619048,4.428571429,1.666666667,0.248447205
howling,Auditory,2.80952381,0.142857143,4.952380952,0.142857143,0.142857143,0.587209302
huge,Visual,4.95,3.714285714,1.428571429,0.380952381,0.333333333,0.427186605
humid,Haptic,1.761904762,3.285714286,0.238095238,0.476190476,1.428571429,0.42384106
hushed,Auditory,1.80952381,0.142857143,4.380952381,0,0.047619048,0.686567164
husky,Auditory,1.285714286,0.571428571,4.619047619,0.333333333,0.714285714,0.569620253
icy,Visual,4.523809524,4.428571429,1.238095238,1.904761905,0.619047619,0.307116105
immense,Visual,4,2.095238095,2.333333333,1.619047619,1.666666667,0.203252033
insipid,Visual,1.714285714,0.428571429,0.285714286,0.857142857,1.428571429,0.303030303
itchy,Haptic,3.142857143,4.80952381,1.285714286,0.333333333,0.285714286,0.458937198
jagged,Haptic,4.714285714,4.761904762,0.619047619,0.476190476,0.238095238,0.418502203
jammy,Gustatory,3.333333333,1.523809524,0.238095238,4.714285714,2.476190476,0.364341085
jingling,Auditory,2.95,1.1,4.95,0.15,0.15,0.516129032
juicy,Gustatory,3.619047619,2.19047619,1.428571429,4.857142857,2.80952381,0.230031949
khaki,Visual,4.95,0.55,0.3,0.1,0.25,0.788617886
large,Visual,4.857142857,4.19047619,1.476190476,0.571428571,0.380952381,0.390041494
laughing,Auditory,4.333333333,0.55,4.714285714,0.047619048,0.047619048,0.481454188
leathery,Haptic,4.142857143,4.571428571,0.523809524,0.380952381,2.857142857,0.335877863
lemony,Gustatory,2.904761905,0.714285714,0,4.952380952,3.714285714,0.403100775
light,Visual,4.142857143,2.380952381,1,1.571428571,1,0.311320755
lilting,Visual,2.545454545,1.416666667,2.272727273,0.363636364,0.545454545,0.305408271
lithe,Visual,4.166666667,3,0,0.166666667,0.166666667,0.555555556
little,Visual,4.666666667,3.238095238,0.380952381,0.095238095,0,0.556818182
long,Visual,4.761904762,3.904761905,0.714285714,0,0,0.507614213
loose,Visual,4.142857143,3.80952381,0.380952381,0.047619048,0.142857143,0.480446927
loud,Auditory,1.571428571,0.238095238,4.952380952,0.238095238,0.095238095,0.684563758
low,Visual,4.285714286,2.523809524,1.904761905,0.142857143,0.142857143,0.46031746
lukewarm,Haptic,0.714285714,4.714285714,0.238095238,2.571428571,0.714285714,0.5
lumpy,Haptic,4.428571429,4.476190476,0.714285714,2.523809524,0.285714286,0.337164751
lush,Visual,4.047619048,3,0.857142857,2.952380952,3,0.23024055
malty,Gustatory,1.842105263,0.789473684,0,3.842105263,2.736842105,0.417142857
meaty,Gustatory,3.761904762,1.619047619,0.095238095,4.80952381,3.285714286,0.347368421
medicinal,Visual,3.2,0.75,0.6,2.45,2.35,0.278074866
mellow,Visual,3.142857143,0.428571429,2.714285714,1.047619048,0.80952381,0.333333333
melodious,Auditory,0.842105263,0.526315789,4.842105263,0.368421053,0.368421053,0.643939394
melted,Visual,4.857142857,3.857142857,0.857142857,2.714285714,1.571428571,0.288659794
meowing,Auditory,2.571428571,0.19047619,4.952380952,0.095238095,0.380952381,0.593023256
metal,Visual,4.523809524,4.238095238,2.666666667,1.285714286,1.238095238,0.235494881
mild,Gustatory,2.19047619,1.380952381,1.761904762,3.619047619,2.619047619,0.193415638
miniature,Visual,4.571428571,3.333333333,0.428571429,0.142857143,0.19047619,0.510989011
minty,Gustatory,1.714285714,0.142857143,0,4.952380952,3.952380952,0.460176991
misty,Visual,4.714285714,1.095238095,0.571428571,0.476190476,0.952380952,0.542682927
moaning,Auditory,3,0.19047619,4.952380952,0.142857143,0.142857143,0.570621469
moist,Haptic,3.666666667,4.380952381,1.428571429,2.857142857,1.714285714,0.210169492
motionless,Visual,4.571428571,2.523809524,1.714285714,0,0.047619048,0.516129032
mottled,Visual,4.363636364,1.333333333,0.636363636,0.636363636,0.727272727,0.484251969
moldy,Visual,4.380952381,1.80952381,0.047619048,3,3.476190476,0.34082397
muddy,Visual,4.523809524,3.523809524,1.380952381,0.761904762,2.238095238,0.302681992
muffled,Auditory,1.380952381,0.428571429,4.476190476,0.333333333,0.333333333,0.595890411
muggy,Visual,3.176470588,1.352941176,0.764705882,0.647058824,1.588235294,0.3359375
mumbling,Auditory,1.904761905,0.238095238,4.904761905,0.095238095,0.142857143,0.660130719
murky,Visual,4.380952381,0.857142857,0.571428571,0.428571429,1.571428571,0.506097561
murmuring,Auditory,2.19047619,0.238095238,4.857142857,0.095238095,0.142857143,0.632911392
mushroomy,Gustatory,3.857142857,1.761904762,0.047619048,4.761904762,3,0.35106383
mushy,Haptic,3.857142857,4.428571429,1.904761905,3.238095238,0.523809524,0.279863481
musky,Olfactory,1.947368421,0.157894737,0.368421053,2.052631579,4.263157895,0.467065868
musty,Olfactory,3.210526316,0.631578947,0.473684211,1.736842105,4.315789474,0.370558376
mute,Auditory,1.523809524,0.095238095,4.952380952,0,0,0.753623188
muttering,Auditory,2.619047619,0.19047619,4.80952381,0.095238095,0.142857143,0.6
narrow,Visual,4.857142857,3.095238095,0.523809524,0.095238095,0.095238095,0.549450549
noisy,Auditory,1.666666667,0.285714286,4.952380952,0.047619048,0.047619048,0.700680272
noxious,Olfactory,2.454545455,0.272727273,0.818181818,2.181818182,3.1,0.320288363
nutty,Gustatory,3.571428571,1.476190476,0.333333333,4.952380952,3,0.346428571
odorous,Olfactory,1.142857143,0.19047619,0.285714286,1.857142857,4.952380952,0.564971751
oily,Visual,3.904761905,3.619047619,0.238095238,3.333333333,2,0.28
oniony,Gustatory,3.428571429,1.238095238,0.19047619,4.952380952,4.523809524,0.332225914
open,Visual,4.761904762,3.428571429,1.333333333,0.095238095,0.19047619,0.475728155
orange,Visual,4.619047619,1.142857143,0.095238095,2.80952381,2.333333333,0.411255411
orangey,Gustatory,4.238095238,1.571428571,0.380952381,4.333333333,3.761904762,0.276666667
oval,Visual,4.619047619,3.952380952,0.047619048,0.285714286,0.19047619,0.502617801
painful,Haptic,3.857142857,4.619047619,3.333333333,0.80952381,0.761904762,0.288256228
palatable,Gustatory,3.470588235,0.764705882,0.235294118,4.823529412,3.647058824,0.354545455
pale,Visual,4.952380952,0.285714286,0.238095238,0.333333333,0.095238095,0.822580645
patterned,Visual,4.904761905,1.714285714,0.333333333,0.047619048,0.095238095,0.684563758
peachy,Gustatory,3.238095238,2.142857143,0.047619048,3.619047619,3.047619048,0.295275591
peppery,Gustatory,2.666666667,0.333333333,0.095238095,4.952380952,3.523809524,0.419753086
perfumed,Olfactory,0.476190476,0.19047619,0.095238095,2.285714286,4.904761905,0.604790419
petite,Visual,4.523809524,2.714285714,0.285714286,0,0,0.601265823
pink,Visual,4.476190476,0.333333333,0.142857143,0.333333333,0.19047619,0.791304348
plain,Visual,4.285714286,1.19047619,0.571428571,3.238095238,1.095238095,0.357798165
plastic,Visual,4.333333333,4.285714286,1.476190476,0.952380952,1.619047619,0.266917293
polished,Visual,4.666666667,3.476190476,0.428571429,0,1.857142857,0.447488584
popping,Auditory,3.523809524,1.571428571,4.19047619,0.476190476,0.476190476,0.362790698
portly,Visual,4,2.25,0.333333333,0.833333333,0.916666667,0.44
prickly,Haptic,4.142857143,4.904761905,1.19047619,0.952380952,0.285714286,0.402489627
puffy,Visual,4.142857143,3.571428571,0.80952381,0.571428571,0.428571429,0.39
pulsing,Haptic,4.142857143,4.476190476,3.428571429,0.047619048,0.19047619,0.360465116
pungent,Olfactory,1.526315789,0.315789474,0.210526316,2.210526316,4.842105263,0.50867052
puny,Visual,4.470588235,2.647058824,0.647058824,0.411764706,0.294117647,0.493055556
purple,Visual,5,0.047619048,0.19047619,0.142857143,0.095238095,0.904347826
purring,Auditory,2.238095238,0.857142857,4.857142857,0.047619048,0.095238095,0.594117647
putrid,Olfactory,2.421052632,0.631578947,0.368421053,3.315789474,3.894736842,0.331683168
quiet,Auditory,2.095238095,0.095238095,4.952380952,0.047619048,0.095238095,0.673202614
radiant,Visual,4.380952381,0.80952381,1.285714286,0.428571429,1,0.5
rancid,Olfactory,3.095238095,1.571428571,0.857142857,3.238095238,4.19047619,0.257352941
raspy,Auditory,2,1.176470588,3.647058824,0.529411765,0.647058824,0.389705882
raucous,Auditory,3.230769231,0.153846154,4.538461538,0.230769231,0.307692308,0.518181818
rectangular,Visual,4.80952381,3.952380952,0,0.095238095,0,0.543010753
red,Visual,4.714285714,0.095238095,0.19047619,0.285714286,0.285714286,0.829059829
reddish,Visual,4.7,0.15,0.1,0.2,0.2,0.859813084
reeking,Olfactory,1.368421053,0.157894737,0.105263158,2.052631579,4.947368421,0.56097561
resounding,Auditory,1.833333333,0.444444444,3.833333333,0.055555556,0.055555556,0.607142857
reverberating,Auditory,2.153846154,2.307692308,3.307692308,0,0,0.425742574
rhythmic,Auditory,2.476190476,1.333333333,4.619047619,0,0.095238095,0.541899441
ripe,Gustatory,4.142857143,3.380952381,0.095238095,4.523809524,3.666666667,0.280120482
rippled,Visual,4.25,3.9,2,0.5,0.25,0.366972477
rippling,Visual,4.631578947,3.473684211,3,0.894736842,0.368421053,0.344680851
roasted,Gustatory,4.19047619,1.761904762,1.333333333,4.428571429,3.857142857,0.198776758
roasting,Visual,4.047619048,2.333333333,1.476190476,3.333333333,3.80952381,0.171428571
rotten,Visual,4.095238095,2.571428571,0.19047619,3.285714286,3.952380952,0.277027027
rotund,Visual,3.9,2.7,0.2,0.1,0,0.565217391
rough,Haptic,4.047619048,4.904761905,2.285714286,1.619047619,0.714285714,0.30877193
round,Visual,4.476190476,4.380952381,0.238095238,0.19047619,0,0.482051282
rubbery,Haptic,3.619047619,4.5,1.142857143,2.142857143,2.142857143,0.247803163
rumbling,Auditory,2.476190476,1.666666667,4.238095238,0.2,0.238095238,0.457883369
rustling,Auditory,3.047619048,2.523809524,4.666666667,0.2,0.55,0.406500542
rusty,Visual,4.285714286,3,1.142857143,0.666666667,1.571428571,0.339285714
salty,Gustatory,1.857142857,0.666666667,0.047619048,4.80952381,1.714285714,0.523560209
savory,Gustatory,2.666666667,0.333333333,0.19047619,5,3.523809524,0.410569106
scaly,Haptic,4.333333333,4.428571429,0.142857143,1,0.095238095,0.433333333
scented,Olfactory,1,0.095238095,0.047619048,2.333333333,4.761904762,0.572254335
scentless,Olfactory,1,0.19047619,0.19047619,2.380952381,4.428571429,0.51744186
scratchy,Haptic,2.857142857,4.142857143,3.285714286,0.047619048,0.095238095,0.392694064
scrawny,Visual,4.761904762,2.571428571,0.666666667,0.285714286,0.285714286,0.522222222
screaming,Auditory,2.80952381,0.142857143,4.952380952,0.047619048,0.047619048,0.613095238
screeching,Auditory,2.333333333,0.333333333,4.952380952,0.095238095,0.238095238,0.610778443
searing,Visual,3.666666667,1.866666667,2.2,0.466666667,0.666666667,0.360902256
shadowy,Visual,4.714285714,0.285714286,0.285714286,0.142857143,0.142857143,0.820512821
shaggy,Visual,4.19047619,4.095238095,0.19047619,0,0.142857143,0.486187845
shallow,Visual,4.238095238,3.333333333,1.380952381,0.285714286,0.19047619,0.429292929
sharp,Haptic,4.428571429,4.571428571,1.047619048,1.19047619,0.333333333,0.366255144
sheer,Visual,4.526315789,2.894736842,0.578947368,0,0,0.565789474
shimmering,Visual,4.761904762,0.857142857,0.761904762,0.238095238,0.333333333,0.650684932
shiny,Visual,4.952380952,1.857142857,0.095238095,0.047619048,0.047619048,0.700680272
short,Visual,4.952380952,3.238095238,0.571428571,0.142857143,0.142857143,0.531578947
shrieking,Auditory,2.714285714,0.142857143,4.952380952,0.142857143,0.142857143,0.594117647
shrill,Auditory,1.526315789,0.263157895,4.789473684,0.105263158,0.105263158,0.689922481
silent,Auditory,1.952380952,0.142857143,5,0.095238095,0,0.695364238
silky,Haptic,3.761904762,4.904761905,0.238095238,0.380952381,0,0.528205128
silver,Visual,4.571428571,0.666666667,0.047619048,0.238095238,0.333333333,0.772357724
skinny,Visual,4.904761905,4,0.380952381,0.142857143,0.19047619,0.495049505
slick,Visual,3.80952381,3.523809524,1.571428571,0.142857143,0.19047619,0.396907216
slimy,Haptic,3.80952381,4.523809524,0.80952381,2.047619048,0.857142857,0.308300395
slippery,Haptic,3.857142857,4.619047619,1.476190476,1.285714286,0.476190476,0.353658537
slushy,Visual,3.571428571,3.523809524,2.238095238,1.857142857,0.428571429,0.270491803
small,Visual,4.952380952,3.666666667,0.428571429,0,0,0.547368421
smelly,Olfactory,1.380952381,0.238095238,0.333333333,1.428571429,5,0.568181818
smoky,Olfactory,4.523809524,0.476190476,0.666666667,3.333333333,4.571428571,0.301754386
smooth,Haptic,4.142857143,4.952380952,1.333333333,1.857142857,0.380952381,0.360902256
snarling,Auditory,3.523809524,0.238095238,4.380952381,0,0,0.538011696
snorting,Auditory,2.8,0.3,4.65,0.35,0.35,0.514792899
soapy,Visual,3.80952381,3.666666667,0.666666667,1.714285714,3.19047619,0.240875912
sodden,Visual,3.666666667,3.555555556,0.388888889,0.111111111,0.722222222,0.421052632
soft,Haptic,4.142857143,4.952380952,1.666666667,1.333333333,0.666666667,0.335820896
soggy,Haptic,3.952380952,4.285714286,1.238095238,2.047619048,1.19047619,0.243445693
solid,Haptic,4.571428571,4.80952381,1.857142857,1.714285714,0.19047619,0.351449275
sonorous,Auditory,0.666666667,0.888888889,4.777777778,0,0.111111111,0.74137931
sore,Haptic,3.19047619,4.285714286,1.047619048,0.095238095,0.095238095,0.480874317
soundless,Auditory,1.714285714,0.333333333,4.428571429,0.047619048,0.047619048,0.666666667
sour,Gustatory,1.19047619,0.047619048,0.142857143,4.80952381,2.714285714,0.534759358
sparkly,Visual,4.571428571,1.285714286,1.19047619,0.19047619,0.142857143,0.6
speckled,Visual,4.714285714,1.428571429,0.333333333,0.142857143,0.238095238,0.666666667
spicy,Gustatory,1.666666667,0.428571429,0.333333333,5,4.238095238,0.4
spiky,Haptic,4.523809524,4.857142857,0.666666667,0.80952381,0.142857143,0.428571429
spilling,Visual,4.428571429,2.380952381,1.952380952,0.142857143,0.714285714,0.445544554
spotless,Visual,5,1.761904762,0.095238095,0.1,0.80952381,0.631514408
spotted,Visual,4.666666667,1.19047619,0.571428571,0.19047619,0.095238095,0.680851064
square,Visual,4.428571429,4,0,0.047619048,0,0.52247191
squeaking,Auditory,1.380952381,0.904761905,4.523809524,0.047619048,0.047619048,0.648275862
squealing,Auditory,2.047619048,0.19047619,4.666666667,0,0,0.675862069
stagnant,Visual,3.15,1.05,0.4,1.05,3.1,0.314285714
stale,Gustatory,3.761904762,2.714285714,0.714285714,4.714285714,3.80952381,0.254545455
steep,Visual,4.952380952,2.571428571,0.857142857,0.095238095,0.095238095,0.566666667
stenchy,Olfactory,1.904761905,0.19047619,0.333333333,1.523809524,4.904761905,0.532258065
sticky,Haptic,3.095238095,4.619047619,0.047619048,2.380952381,0.428571429,0.432432432
stinging,Haptic,1.761904762,4.666666667,0.380952381,0.142857143,0.047619048,0.659863946
stinky,Olfactory,1.476190476,0.095238095,0.238095238,1.952380952,4.761904762,0.547486034
stormy,Visual,4.333333333,0.428571429,4.333333333,0.047619048,1.2,0.414364641
straight,Visual,4.904761905,4,0.19047619,0.095238095,0.047619048,0.525773196
strange,Visual,4.142857143,2.523809524,3.380952381,3.476190476,3.333333333,0.096045198
striped,Visual,4.523809524,0.904761905,0.285714286,0.095238095,0.047619048,0.764227642
strong,Visual,3.904761905,3.714285714,1.904761905,3.285714286,3,0.126506024
sturdy,Haptic,4.142857143,4.19047619,0.761904762,0.285714286,0.238095238,0.410891089
sunny,Visual,4.952380952,0.952380952,0.285714286,0.095238095,0.285714286,0.739130435
sweaty,Olfactory,3.80952381,3.523809524,0.238095238,1.428571429,4.047619048,0.291970803
sweet,Gustatory,2.19047619,0.571428571,1.19047619,4.857142857,3.904761905,0.337078652
swift,Visual,4.571428571,1.238095238,2.857142857,0.095238095,0.238095238,0.497354497
swinging,Visual,4.428571429,2.666666667,1.571428571,0.095238095,0.095238095,0.489247312
tall,Visual,4.904761905,2.714285714,0.19047619,0,0,0.62804878
tangerine,Visual,4.333333333,2.095238095,0.285714286,4.19047619,3.238095238,0.286195286
tangy,Gustatory,0.80952381,0.19047619,0.19047619,4.75,3.095238095,0.504611331
tapering,Visual,3.4,3,0.6,0.2,0.2,0.432432432
tarry,Visual,3.882352941,2.411764706,0,0.470588235,2.235294118,0.431372549
tart,Gustatory,2.421052632,0.842105263,0.105263158,4.157894737,1.894736842,0.430167598
tasteless,Gustatory,1.095238095,0.19047619,0.333333333,4.333333333,3.238095238,0.450777202
tasty,Gustatory,2.761904762,0.333333333,0.19047619,5,3.904761905,0.39453125
tender,Haptic,3,3.952380952,1.619047619,2.619047619,1.238095238,0.218390805
tepid,Haptic,1,3.684210526,0.315789474,1.368421053,0.473684211,0.492307692
thorny,Haptic,4.428571429,4.904761905,0.761904762,0.761904762,0.238095238,0.420600858
thudding,Auditory,2.857142857,2.238095238,4.571428571,0.047619048,0.047619048,0.463414634
thumping,Auditory,2.619047619,2.523809524,3.904761905,0.142857143,0.19047619,0.401015228
thunderous,Auditory,3.142857143,0.380952381,4.523809524,0,0.380952381,0.536723164
ticklish,Haptic,2.666666667,4.666666667,1.095238095,0.19047619,0.142857143,0.516304348
tight,Haptic,3.904761905,4.142857143,0.714285714,0,0.095238095,0.467741935
tingly,Haptic,0.9,4.8,0.5,1.15,0.4,0.567741935
tinkling,Auditory,1.8,1.5,4.15,0,0.2,0.54248366
tiny,Visual,4.619047619,3.333333333,0.619047619,0.238095238,0.047619048,0.516129032
tough,Haptic,3.380952381,3.761904762,0.571428571,2.142857143,0.142857143,0.361904762
translucent,Visual,4.684210526,1.052631579,0.421052632,0.210526316,0.210526316,0.68
transparent,Visual,4.80952381,0.619047619,0.25,0.142857143,0.142857143,0.78243513
triangular,Visual,4.619047619,3.571428571,0.285714286,0,0,0.54494382
ugly,Visual,5,1.666666667,0.857142857,0.714285714,1.142857143,0.456852792
uneven,Visual,4.571428571,4.285714286,1.523809524,0.428571429,0.428571429,0.368644068
unpalatable,Gustatory,3.529411765,1.352941176,0.235294118,4.764705882,3.705882353,0.333333333
unripe,Visual,4.142857143,3.428571429,0.285714286,3.952380952,2.666666667,0.266447368
vegetal,Visual,3.909090909,1.454545455,0.181818182,3.272727273,2.6,0.326433121
vinegary,Gustatory,1.761904762,0.380952381,0,4.952380952,4.19047619,0.438818565
vivid,Visual,4.523809524,1.19047619,2.523809524,1.714285714,1.619047619,0.288065844
wailing,Auditory,2.85,0.25,4.95,0.15,0.1,0.584337349
warbling,Auditory,1.9375,0.8125,3.9375,0.25,0.25,0.513043478
warm,Haptic,2.380952381,4.80952381,0.619047619,2.857142857,1.142857143,0.35483871
waxy,Haptic,4,4.666666667,0.619047619,1.619047619,2.142857143,0.310218978
weak,Visual,3.666666667,3.19047619,1.857142857,2.142857143,1.428571429,0.182170543
weightless,Haptic,3.047619048,4.285714286,1.238095238,0.285714286,0.142857143,0.46031746
wet,Haptic,4.333333333,4.666666667,1.857142857,1.714285714,1.80952381,0.205298013
whiffy,Olfactory,0.95,0.2,0.3,1.5,4.9,0.598726115
whimpering,Auditory,3.142857143,0.380952381,4.80952381,0.047619048,0.19047619,0.555555556
whining,Auditory,2.476190476,0.142857143,4.857142857,0.095238095,0.095238095,0.621118012
whispering,Auditory,2.428571429,0.238095238,4.666666667,0.047619048,0.095238095,0.617834395
whistling,Auditory,2.047619048,0.285714286,4.952380952,0.095238095,0.095238095,0.649681529
white,Visual,4.571428571,0.095238095,0.238095238,0.1,0.142857143,0.869565217
wide,Visual,4.80952381,3.666666667,0.476190476,0.285714286,0.142857143,0.497461929
wiry,Visual,4.19047619,4.095238095,1.047619048,0.761904762,0.285714286,0.376146789
wispy,Visual,4.210526316,3.263157895,1.631578947,0.894736842,0.263157895,0.384615385
wizened,Visual,3.1,0.8,2.9,0.1,0.3,0.416666667
woolly,Haptic,4.285714286,4.428571429,0.142857143,0.142857143,0.142857143,0.46875
yellow,Visual,4.9,0,0.15,0.05,0.05,0.951456311
academy,Visual,2.705882353,0.470588235,1.411764706,0.058823529,0.117647059,0.555555556
account,Auditory,1.411764706,0.352941176,1.705882353,0.117647059,0.235294118,0.415384615
addition,Visual,3.058823529,0.882352941,1.294117647,0.470588235,0.647058824,0.407407407
administration,Visual,2.625,0.5,1.75,0.0625,0.25,0.493975904
advantage,Visual,3.117647059,0.529411765,1.705882353,0.352941176,0.470588235,0.447619048
aim,Visual,2.647058824,1.117647059,1.411764706,0.235294118,0.470588235,0.41
air,Olfactory,1.352941176,2.117647059,1.058823529,1.470588235,2.529411765,0.172413793
amount,Visual,4.058823529,3.117647059,2,1.647058824,1.352941176,0.222222222
appeal,Visual,3.294117647,1.235294118,2.294117647,1.411764706,1.294117647,0.216049383
arrangement,Visual,3.411764706,1.470588235,1.823529412,0.294117647,0.470588235,0.417322835
baby,Visual,4.882352941,3.647058824,4.235294118,0.823529412,3.117647059,0.242957746
back,Visual,3.941176471,2.941176471,0.647058824,0.294117647,0.529411765,0.436619718
balance,Visual,2.941176471,1.764705882,1.235294118,0.411764706,0.294117647,0.398230088
bank,Visual,4.411764706,1.235294118,1.294117647,0.058823529,0.294117647,0.596774194
bear,Visual,4.470588235,2.470588235,3.117647059,0.470588235,1.882352941,0.322274882
beauty,Visual,4.941176471,2.352941176,1.941176471,0.941176471,1.764705882,0.334975369
beginning,Visual,3,1.375,2,0.625,0.875,0.301587302
blame,Auditory,2.294117647,0.529411765,2.352941176,0.176470588,0.411764706,0.37755102
blanket,Haptic,4,4.235294118,0.352941176,0.176470588,1.647058824,0.389830508
border,Visual,3.6875,1.875,0.375,0.0625,0.25,0.58
bore,Visual,2.117647059,0.647058824,1.882352941,0.470588235,0.411764706,0.308510638
bother,Visual,2.588235294,1.058823529,1.882352941,0.529411765,0.411764706,0.336363636
business,Visual,3.529411765,0.647058824,1.823529412,0.294117647,0.470588235,0.47826087
call,Auditory,2.176470588,1,4.470588235,0.058823529,0.176470588,0.559701493
capacity,Visual,3.941176471,2.8125,1.4375,0.5,0.5,0.3744
career,Visual,3.117647059,0.882352941,2.117647059,0.411764706,0.411764706,0.389830508
cast,Visual,3.588235294,1.294117647,1.588235294,0.176470588,0.588235294,0.471544715
center,Visual,4,2.294117647,0.705882353,0.470588235,0.352941176,0.466165414
chain,Visual,4.3125,3.8125,2.125,0.1875,0.466666667,0.378295759
chair,Visual,4.647058824,4.235294118,0.705882353,0.058823529,0.411764706,0.456140351
city,Visual,4.705882353,1.529411765,4,1.058823529,2.588235294,0.262711864
closer,Visual,3.705882353,2.823529412,2.294117647,0.647058824,1.529411765,0.278074866
collection,Visual,3.705882353,2.352941176,1.352941176,0.294117647,0.529411765,0.414285714
competition,Visual,3.529411765,0.882352941,2.588235294,0.470588235,0.823529412,0.368794326
concept,Visual,2.764705882,1.117647059,2.352941176,1,0.882352941,0.231884058
consequence,Visual,3.588235294,1.470588235,2.705882353,0.882352941,0.705882353,0.308176101
contact,Haptic,3.411764706,3.529411765,2.529411765,1.058823529,1.117647059,0.212121212
cope,Visual,2.058823529,0.823529412,1.117647059,0.176470588,0.352941176,0.415584416
core,Visual,2.764705882,1.823529412,0.823529412,0.705882353,0.470588235,0.348214286
cost,Visual,3.235294118,0.882352941,1.588235294,0.411764706,0.352941176,0.445454545
cup,Visual,4.235294118,3.941176471,1.176470588,1.235294118,1.058823529,0.272727273
cut,Visual,3.705882353,3.529411765,1.176470588,0.352941176,0.529411765,0.360759494
dance,Visual,4.647058824,2.176470588,2.176470588,0,0.235294118,0.503184713
deal,Visual,2.411764706,1,2,0.294117647,0.411764706,0.346153846
deck,Visual,3.411764706,2,1,0.117647059,0.411764706,0.474576271
democracy,Visual,2.823529412,0.176470588,2.294117647,0,0.058823529,0.527472527
department,Visual,3.588235294,0.470588235,1.588235294,0.176470588,0.882352941,0.50877193
development,Visual,3.764705882,1.647058824,2.117647059,1.294117647,1.117647059,0.266272189
direction,Visual,4.058823529,1.411764706,2.294117647,0.294117647,0.764705882,0.426666667
dispute,Visual,3.588235294,0.823529412,3.235294118,0.117647059,0.176470588,0.437037037
distinction,Visual,2.941176471,1.941176471,2.176470588,1.470588235,1.529411765,0.14619883
dive,Visual,3.882352941,1.764705882,2,0.176470588,0.411764706,0.45
doctor,Visual,4.470588235,1.647058824,3,0.705882353,1.294117647,0.338624339
drama,Visual,3.941176471,0.941176471,3.235294118,0.235294118,0.411764706,0.422818792
dream,Visual,3.176470588,0.823529412,2.176470588,0.529411765,0.764705882,0.354330709
duty,Visual,2.411764706,0.470588235,1.588235294,0.176470588,0.352941176,0.447058824
economy,Visual,2.117647059,0.470588235,1.882352941,0.058823529,0.125,0.442338073
edge,Visual,3.941176471,3.588235294,0.529411765,0.176470588,0.117647059,0.457746479
education,Visual,3.941176471,1.058823529,3.705882353,0.529411765,0.588235294,0.347305389
emotion,Visual,3.647058824,2.411764706,2.882352941,0.941176471,0.764705882,0.270718232
enthusiasm,Visual,3.705882353,1.294117647,3.294117647,0.529411765,0.529411765,0.339622642
entrance,Visual,4.352941176,1.882352941,1,0.176470588,0.647058824,0.518248175
equipment,Visual,4.235294118,3.352941176,1.529411765,0.411764706,0.882352941,0.367231638
estimate,Visual,2.705882353,1.588235294,1.588235294,0.823529412,0.705882353,0.26984127
exchange,Visual,3.176470588,1.764705882,1.882352941,0.529411765,0.647058824,0.330882353
excitement,Visual,3.941176471,2.176470588,3.529411765,1.176470588,1.294117647,0.22815534
expansion,Visual,3.941176471,2.8125,1.705882353,0.470588235,0.411764706,0.377804014
extreme,Visual,3.411764706,1.941176471,2.235294118,1.588235294,1.823529412,0.165775401
eye,Visual,4.764705882,2.235294118,0.058823529,0,0,0.675
fact,Auditory,3.352941176,1.176470588,3.352941176,0.647058824,1.058823529,0.282208589
factory,Visual,4.588235294,1.470588235,3.176470588,0.588235294,3.058823529,0.310502283
failure,Visual,3.470588235,1.294117647,2.411764706,0.941176471,0.705882353,0.313333333
faint,Visual,3,2.058823529,1.058823529,0.411764706,0.294117647,0.396551724
fear,Visual,3.470588235,1.882352941,2.176470588,0.705882353,0.823529412,0.305194805
feel,Haptic,1.941176471,4.764705882,1.235294118,1.125,0.764705882,0.406881077
file,Visual,4.058823529,2.411764706,0.764705882,0.117647059,0.235294118,0.519379845
finance,Visual,2.941176471,1.176470588,1.176470588,0.235294118,0.176470588,0.484536082
find,Visual,3.941176471,3.117647059,1.764705882,0.647058824,1.647058824,0.296296296
finish,Visual,3.352941176,1,2.235294118,0.705882353,0.705882353,0.330882353
food,Gustatory,4.294117647,3.411764706,1.470588235,4.882352941,4.529411765,0.183544304
form,Visual,3.235294118,2,0.882352941,0.411764706,0.470588235,0.403361345
formation,Visual,3.764705882,1.588235294,0.882352941,0.470588235,0.352941176,0.483333333
friend,Visual,4.764705882,3.058823529,4.117647059,0.352941176,2.058823529,0.307377049
function,Visual,3.117647059,1.529411765,2,0.705882353,0.705882353,0.299270073
gesture,Visual,4.529411765,1.941176471,0.823529412,0.058823529,0.117647059,0.598425197
glass,Visual,4.470588235,3.823529412,2.058823529,0.352941176,0.235294118,0.387096774
grade,Visual,2.764705882,0.411764706,1.058823529,0.058823529,0.117647059,0.613333333
grass,Visual,4.705882353,3.705882353,0.647058824,0.352941176,3.058823529,0.349056604
guilt,Visual,2.235294118,1,1.294117647,0.294117647,0.352941176,0.375
hat,Visual,4.588235294,3.294117647,0.352941176,0,0.647058824,0.516556291
health,Visual,3.647058824,2.3125,1.588235294,0.647058824,1.1875,0.319749216
heaven,Auditory,1.529411765,0.882352941,1.764705882,0.588235294,0.823529412,0.210526316
hide,Visual,3.294117647,1.294117647,1.058823529,0.176470588,0.411764706,0.5
hole,Visual,4.235294118,2.588235294,0.411764706,0.058823529,0.470588235,0.537878788
honey,Gustatory,4.117647059,2.823529412,0.647058824,4.764705882,3.764705882,0.255474453
hour,Visual,2.764705882,0.235294118,1.411764706,0.058823529,0.117647059,0.58974359
impression,Visual,3.705882353,1,2.588235294,0.941176471,1.294117647,0.290123457
inch,Visual,4,2.294117647,0.176470588,0.058823529,0.058823529,0.598214286
incident,Visual,4.176470588,1.411764706,3.117647059,0.470588235,1.352941176,0.351955307
income,Visual,3,0.882352941,1.117647059,0.470588235,0.117647059,0.515789474
increase,Visual,3.764705882,2.235294118,2.294117647,1.117647059,1.294117647,0.247252747
independence,Visual,3.294117647,0.941176471,2.117647059,0.294117647,0.294117647,0.43220339
influence,Visual,2.588235294,0.882352941,1.941176471,0.352941176,0.352941176,0.365384615
instance,Visual,1.647058824,0.529411765,0.882352941,0.176470588,0.529411765,0.390625
interior,Visual,4.588235294,3,0.705882353,0.235294118,1.352941176,0.44047619
junior,Visual,2.941176471,1.176470588,2.058823529,0.235294118,0.764705882,0.37704918
kind,Visual,2.8125,1.9375,2.5,0.25,0.375,0.325396825
left,Visual,3.411764706,1.764705882,1.235294118,0.176470588,0.176470588,0.47826087
life,Visual,4.352941176,3.411764706,3.823529412,2.941176471,3.235294118,0.079470199
load,Visual,2.941176471,2,0.823529412,0.470588235,0.588235294,0.362068966
look,Visual,4.764705882,0.941176471,0.529411765,0.176470588,0.352941176,0.67826087
loop,Visual,3.705882353,2.764705882,1.058823529,0.235294118,0.235294118,0.433823529
machine,Visual,4.235294118,2.882352941,3.764705882,0.235294118,1.529411765,0.31627907
management,Visual,3.529411765,0.352941176,2.823529412,0.117647059,0.352941176,0.475409836
march,Visual,3.058823529,0.529411765,2.352941176,0.235294118,0.529411765,0.421052632
master,Visual,3.4375,0.705882353,2.764705882,0.294117647,0.411764706,0.412844037
mate,Visual,4.470588235,2.823529412,3.058823529,0.411764706,1.529411765,0.330143541
matter,Visual,2.625,2.125,1.5,1.133333333,1.4375,0.169107227
method,Visual,3.058823529,0.823529412,2.176470588,0.235294118,0.294117647,0.428571429
minute,Visual,2.764705882,0.235294118,1.764705882,0.058823529,0.176470588,0.541176471
miss,Visual,2.882352941,1.647058824,1.823529412,0.411764706,0.529411765,0.338709677
missile,Visual,4,1.235294118,3.588235294,0.058823529,0.764705882,0.408536585
money,Visual,4.823529412,3.705882353,1.470588235,0.352941176,1.176470588,0.387755102
mouth,Visual,3.529411765,3.117647059,2.235294118,3.294117647,1.235294118,0.171052632
muscle,Haptic,4,4.058823529,0.588235294,0.352941176,0.352941176,0.396226415
night,Visual,4.764705882,0.470588235,1.647058824,0.117647059,0.470588235,0.622047244
orderly,Visual,3.066666667,1,1.466666667,0.133333333,0.142857143,0.504918033
past,Auditory,2.176470588,0.588235294,2.294117647,0.647058824,0.823529412,0.261261261
permission,Auditory,2.117647059,0.647058824,2.764705882,0.235294118,0.294117647,0.417475728
personnel,Visual,2.941176471,0.882352941,1.705882353,0.117647059,0.411764706,0.466019417
phone,Auditory,4.235294118,3,4.352941176,0,0.058823529,0.373737374
picture,Visual,4.764705882,1.529411765,0.235294118,0.117647059,0.235294118,0.675213675
plug,Visual,4.411764706,3.235294118,0.823529412,0.117647059,0.235294118,0.486666667
portion,Visual,4,2.411764706,0.647058824,1.764705882,1.411764706,0.327586207
pound,Visual,4.352941176,3.647058824,1.235294118,0.411764706,0.411764706,0.391812865
powder,Visual,4.0625,3.75,0.8125,2.375,2.75,0.236363636
preparation,Visual,3.0625,1.625,1.8125,0.9375,1.625,0.234482759
primary,Visual,2.352941176,0.470588235,1.176470588,0.411764706,0.529411765,0.392857143
prize,Visual,4,2.647058824,1.647058824,0.764705882,0.764705882,0.329341317
production,Visual,3.235294118,1.529411765,1.529411765,1.176470588,1.235294118,0.236486486
property,Visual,4.058823529,1.882352941,0.764705882,0.470588235,0.941176471,0.442028986
proportion,Visual,3.764705882,2.352941176,1.411764706,1,0.764705882,0.32278481
quality,Visual,4.294117647,4.058823529,3.058823529,3.411764706,3.117647059,0.068852459
reflection,Visual,4.647058824,0.470588235,0.235294118,0,0.176470588,0.840425532
refrigerator,Visual,4.411764706,2.470588235,1.882352941,1.235294118,2.294117647,0.258373206
relation,Visual,3.411764706,1.411764706,2.058823529,0.294117647,0.882352941,0.386861314
republic,Visual,1.785714286,0.266666667,0.533333333,0.066666667,0.066666667,0.632224168
rise,Visual,4.117647059,2.470588235,1.529411765,0.294117647,0.529411765,0.427631579
role,Visual,2.588235294,0.470588235,1.882352941,0.058823529,0.235294118,0.483146067
roof,Visual,4.470588235,1.941176471,0.529411765,0.058823529,0.176470588,0.614754098
route,Visual,3.823529412,1.352941176,1.117647059,0.25,0.5,0.507306889
rush,Visual,3.764705882,1.647058824,2.352941176,0.411764706,0.588235294,0.382550336
sauce,Gustatory,3.588235294,1.411764706,1.058823529,4.764705882,3.705882353,0.255060729
school,Visual,4.470588235,1.352941176,3.176470588,0.529411765,1.352941176,0.362162162
second,Visual,2.117647059,0.529411765,1.235294118,0.176470588,0.235294118,0.452054795
seed,Visual,4.117647059,2.941176471,0.647058824,2.470588235,1.176470588,0.305699482
sergeant,Visual,3.882352941,0.470588235,2.823529412,0.058823529,0.235294118,0.511811024
shell,Visual,4.117647059,3.647058824,1.294117647,0.705882353,1.176470588,0.311827957
site,Visual,3.75,0.625,1.5,0.1875,0.625,0.53271028
slavery,Visual,3.529411765,0.411764706,2.529411765,0.411764706,0.647058824,0.4140625
soap,Haptic,4.058823529,4.117647059,0.352941176,1.294117647,4,0.272340426
socialist,Auditory,2.5,0.375,2.5625,0.0625,0.125,0.444444444
solution,Visual,2.647058824,0.764705882,1.823529412,0.352941176,0.470588235,0.378640777
spirit,Visual,2,0.764705882,1.529411765,0.235294118,0.529411765,0.348837209
statement,Visual,2.705882353,0.647058824,2.529411765,0.176470588,0.176470588,0.405660377
stay,Visual,2.588235294,1.470588235,1.529411765,0.235294118,0.411764706,0.377358491
stop,Visual,3.941176471,1.764705882,2.647058824,0.705882353,0.647058824,0.339393939
stranger,Visual,4.352941176,1.352941176,2.705882353,0.352941176,1.352941176,0.395348837
strength,Visual,3.764705882,3.176470588,1.411764706,0.411764706,0.470588235,0.363057325
student,Visual,4.4375,1.5,3.375,0.1875,1.1875,0.397660819
substitute,Visual,3.470588235,1.235294118,1.529411765,1.117647059,0.941176471,0.304964539
symbol,Visual,4,1.294117647,0.941176471,0.470588235,0.529411765,0.487804878
talent,Visual,4.529411765,1.470588235,3.705882353,1.294117647,1.235294118,0.269230769
tendency,Visual,1.875,0.5,0.9375,0.125,0.25,0.474576271
text,Visual,4.647058824,1,1.705882353,0.058823529,0.176470588,0.604651163
theme,Visual,3.411764706,0.941176471,2.058823529,0.647058824,0.882352941,0.348148148
theory,Auditory,2.470588235,0.411764706,2.470588235,0.235294118,0.235294118,0.383838384
thick,Visual,4.235294118,4.117647059,1,2.058823529,0.647058824,0.297560976
three,Visual,3.705882353,2.529411765,1.705882353,0.352941176,0.411764706,0.385135135
title,Visual,3.294117647,0.235294118,1.941176471,0.058823529,0.117647059,0.572916667
tool,Visual,4,3.4375,1.941176471,0.235294118,0.705882353,0.36480228
track,Visual,3.5,1.294117647,1.529411765,0.058823529,0.647058824,0.489539749
tractor,Visual,4.529411765,1.705882353,3.882352941,0.235294118,1.647058824,0.357843137
trend,Visual,3.882352941,1.117647059,1.705882353,0.647058824,0.588235294,0.414814815
trim,Visual,3.647058824,2.529411765,0.882352941,0.176470588,0.294117647,0.4609375
vacuum,Visual,3.411764706,1.411764706,3.294117647,0.117647059,1.117647059,0.352201258
variety,Visual,4.411764706,3.294117647,3.294117647,3.235294118,3.058823529,0.078231293
vice,Visual,2.714285714,1.5,1.142857143,0.571428571,0.357142857,0.375
view,Visual,4.529411765,0.470588235,0.705882353,0.235294118,0.647058824,0.651785714
voluntary,Visual,2.875,0.5,1.125,0.125,0.3125,0.556962025
wait,Visual,2.235294118,0.705882353,1.294117647,0.176470588,0.352941176,0.432098765
want,Visual,2.882352941,1.941176471,2,1.764705882,1.647058824,0.120689655
waste,Visual,4.117647059,1.470588235,1.117647059,0.764705882,3.529411765,0.304812834
welfare,Visual,2.882352941,1.235294118,1.823529412,0.352941176,0.882352941,0.352459016
west,Visual,2.705882353,0.411764706,0.764705882,0.117647059,0.235294118,0.611111111
wheel,Visual,4.529411765,2.470588235,1.588235294,0.294117647,0.470588235,0.452830189
win,Visual,3.823529412,1,3,0.470588235,0.588235294,0.377483444
window,Visual,4.705882353,2.764705882,0.823529412,0.294117647,0.470588235,0.487012987
worker,Visual,4.235294118,1.352941176,2.529411765,0.117647059,1.117647059,0.440251572
wrong,Visual,2.764705882,1.235294118,2.647058824,1.176470588,1,0.2
admission,Visual,3.4375,0.875,1.8125,0,0.4375,0.523809524
advice,Auditory,2.058823529,0,4.882352941,0,0,0.703389831
amateur,Visual,3.588235294,0.588235294,2.882352941,0.411764706,0.294117647,0.424242424
anger,Visual,4.117647059,1.411764706,3.705882353,0.117647059,0.352941176,0.412121212
answer,Auditory,2.882352941,0.411764706,4,0,0,0.548387097
area,Visual,4,2.058823529,1,0.117647059,0.588235294,0.5
aspect,Visual,2.375,0.8,1.875,0.5,1,0.286259542
atom,Visual,1.375,0.941176471,1,0.625,0.5,0.197019868
attempt,Visual,2.529411765,1.352941176,1.647058824,0.176470588,0.117647059,0.414141414
aunt,Visual,4.411764706,2.764705882,3.764705882,0.117647059,2.3125,0.3211438
background,Visual,3.470588235,0.529411765,1.823529412,0.117647059,0.411764706,0.527777778
band,Auditory,4.058823529,1,4.588235294,0,0.411764706,0.456140351
base,Visual,3.3125,2.25,1.1875,0.25,0.0625,0.460176991
bath,Haptic,4,4.529411765,2.647058824,0.294117647,2.588235294,0.30125523
belt,Visual,4.411764706,4.235294118,1,0,1.235294118,0.405405405
body,Visual,4.764705882,4.411764706,3.235294118,1.470588235,3.352941176,0.19112628
bone,Haptic,3.411764706,4.058823529,1.588235294,1.294117647,1,0.269430052
boss,Visual,4.294117647,1.294117647,3.764705882,0,0.882352941,0.41954023
break,Visual,3.0625,2.5,2.875,1.125,0.5,0.254658385
breath,Olfactory,1.705882353,1.705882353,2.176470588,2.176470588,3,0.120218579
brief,Auditory,2.125,0.75,2.25,0.25,0.5625,0.336842105
builder,Visual,4.294117647,1.235294118,3.764705882,0.176470588,1.352941176,0.380434783
bullet,Visual,3.529411765,2.882352941,2.941176471,0.117647059,1.058823529,0.324022346
camp,Visual,3.882352941,2.411764706,2.529411765,0.588235294,1.647058824,0.29787234
cash,Visual,4.470588235,4,1.882352941,0.235294118,1.470588235,0.351219512
cause,Visual,2.875,0.9375,2.4375,0.375,0.375,0.357142857
cellar,Visual,4.125,2.6875,1.375,0.125,2.8125,0.359550562
century,Visual,2.176470588,0.117647059,1.705882353,0.058823529,0.176470588,0.5
chart,Visual,3.764705882,0.764705882,0.529411765,0,0.058823529,0.735632184
claim,Auditory,2.176470588,0.588235294,2.764705882,0,0,0.5
close,Visual,3.941176471,2.941176471,1.941176471,0.235294118,1.352941176,0.355932203
comedy,Auditory,3.705882353,0.764705882,4.705882353,0,0.058823529,0.50955414
condition,Visual,3.588235294,2.705882353,2.647058824,0.882352941,1.588235294,0.237113402
confidence,Visual,3.941176471,1.411764706,3,0.352941176,0.470588235,0.391025641
construction,Visual,4,2.058823529,2.941176471,0.117647059,0.882352941,0.388235294
content,Visual,3.764705882,3,2.117647059,1.470588235,1.411764706,0.2
contract,Visual,3.941176471,1.529411765,2.588235294,0.117647059,0.117647059,0.460992908
cotton,Haptic,4.058823529,4.470588235,0.411764706,0.117647059,0.882352941,0.437869822
council,Visual,2.882352941,0.470588235,2.705882353,0,0.294117647,0.453703704
cousin,Visual,4.529411765,2.882352941,4.058823529,0,1.705882353,0.34375
craft,Visual,3.705882353,3.235294118,1.882352941,0.411764706,0.705882353,0.331360947
crime,Visual,4.235294118,1.176470588,3.588235294,0.117647059,0.117647059,0.445859873
crisis,Visual,4.176470588,1.411764706,3.823529412,0,0.882352941,0.405714286
cure,Visual,2.941176471,1.941176471,1.058823529,0.764705882,0.625,0.315947844
curiosity,Visual,3.235294118,1.882352941,2.823529412,1,1.176470588,0.220930233
curve,Visual,4.294117647,3.941176471,0.117647059,0,0,0.514084507
customer,Visual,4,1.823529412,3.625,0,1.352941176,0.370319946
death,Visual,3.647058824,1.705882353,2.470588235,0.117647059,1.647058824,0.36809816
defeat,Visual,3.411764706,1,2.588235294,0.058823529,0.294117647,0.456
delight,Visual,3.411764706,1.941176471,3.352941176,1.823529412,1.470588235,0.161764706
depression,Visual,2.941176471,0.882352941,2.764705882,0,0.176470588,0.434782609
desk,Visual,4.411764706,3.941176471,1.352941176,0,0.529411765,0.431034483
device,Visual,4.176470588,3.470588235,2.588235294,0.0625,0.411764706,0.384140062
die,Visual,3.235294118,1.294117647,2.117647059,0.470588235,1.117647059,0.335714286
disease,Visual,3.411764706,2.235294118,2.470588235,0.882352941,1.823529412,0.233695652
distance,Visual,4.823529412,1.9375,2.3125,0.0625,0.375,0.500579822
down,Visual,3.1875,1.5,1.1875,0,0.0625,0.536842105
dust,Visual,4.176470588,2.764705882,0,0.705882353,1.294117647,0.467105263
ease,Visual,2.5,1.6875,1.875,0,0.0625,0.408163265
east,Visual,2.8125,0.375,0.75,0.125,0.1875,0.632352941
effect,Visual,3.117647059,1.823529412,2.647058824,1.294117647,1.176470588,0.192982456
effort,Visual,3.176470588,0.9375,2.117647059,0.125,0.5,0.445040214
emergency,Visual,4,1.647058824,3.764705882,0.058823529,1,0.376404494
engagement,Visual,3.235294118,1.764705882,2.588235294,0.058823529,0.058823529,0.41221374
estate,Visual,4.176470588,1.176470588,1.529411765,0.058823529,0.882352941,0.526315789
factor,Visual,1.875,0.3125,1.3125,0.375,0.0625,0.46031746
fair,Visual,2.875,1.058823529,1.5625,0.0625,0.25,0.484177215
farm,Visual,4.235294118,2.75,3.3125,0.5,3.9375,0.253493014
feet,Visual,4.5,3.5,2.0625,0.1875,3.125,0.322429907
fell,Visual,3.705882353,3.117647059,2.529411765,0,0.235294118,0.386503067
felt,Haptic,2.823529412,4.235294118,0.705882353,0.25,0.470588235,0.469670711
fence,Visual,4.705882353,3.764705882,0.375,0,0.125,0.524590164
fine,Visual,3.823529412,2,1.705882353,0.529411765,0.352941176,0.412587413
firm,Haptic,3.117647059,4.058823529,1.176470588,0.941176471,0.117647059,0.41875
fog,Visual,4.764705882,1.117647059,0.176470588,0.117647059,0.823529412,0.663865546
foot,Visual,4.411764706,3.941176471,1.294117647,0.058823529,2.823529412,0.34741784
fortune,Visual,2.882352941,1,2.235294118,0.117647059,0.176470588,0.431192661
giant,Visual,4.117647059,2.411764706,2.294117647,0,0.647058824,0.434782609
god,Auditory,1.176470588,0.411764706,1.823529412,0.411764706,0.411764706,0.333333333
grace,Visual,3.125,0.8125,2.5,0.125,0.375,0.432432432
gun,Visual,4.176470588,3.117647059,4.058823529,0.352941176,1.294117647,0.294117647
harm,Visual,3.647058824,2.764705882,2.882352941,0.352941176,0.470588235,0.325581395
harmony,Auditory,2.941176471,1.411764706,4.411764706,0.823529412,0.882352941,0.342696629
hate,Auditory,2.941176471,1.058823529,3.058823529,0.529411765,0.588235294,0.309352518
hell,Auditory,1.235294118,1.058823529,2.470588235,0.235294118,0.705882353,0.391752577
help,Auditory,3.647058824,2.411764706,3.764705882,0,0.294117647,0.372093023
hen,Visual,3.823529412,2.352941176,3.529411765,1.117647059,1.470588235,0.220095694
hold,Haptic,3.058823529,4.352941176,0.294117647,0.117647059,0.352941176,0.517985612
household,Visual,4.058823529,2.823529412,3.058823529,1.058823529,2.588235294,0.220779221
hurt,Visual,3.529411765,3.117647059,2.470588235,0.411764706,0.352941176,0.321428571
ideal,Visual,2.941176471,1.176470588,2.705882353,1.588235294,1.294117647,0.181818182
imagination,Visual,3.117647059,1,2.8125,1.058823529,1.058823529,0.234051199
information,Auditory,4.294117647,1.882352941,4.529411765,1,1.25,0.272417707
intention,Visual,2.9375,0.5,2.9375,0,0,0.460784314
invention,Visual,3.6875,2.125,2.764705882,0.875,1.375,0.259762309
investigation,Visual,3.647058824,1.235294118,2.764705882,0.176470588,0.588235294,0.412587413
item,Haptic,4.058823529,4.0625,2.75,2.6875,2.9375,0.083351906
job,Visual,3.588235294,1.705882353,3,0.352941176,1.058823529,0.333333333
kid,Visual,4.411764706,2,4.0625,0,1.1875,0.378310214
kingdom,Visual,3.3125,1.25,2.0625,0.3125,0.6875,0.393442623
knowledge,Auditory,2.529411765,0.470588235,3.764705882,0.352941176,0.352941176,0.456692913
lady,Visual,4.705882353,3.470588235,3.941176471,0.588235294,2.470588235,0.271317829
landscape,Visual,4.705882353,1.352941176,1.294117647,0,1.235294118,0.547945205
laughter,Auditory,4.117647059,0.941176471,4.882352941,0,0,0.49112426
lead,Visual,3.647058824,2.5625,1.75,0.5625,0.75,0.332672482
leg,Visual,4.705882353,4.647058824,0.647058824,0.470588235,0.294117647,0.409836066
level,Visual,3.235294118,1.625,1.588235294,0.352941176,0.176470588,0.438356164
liberty,Visual,2.705882353,0.705882353,2.294117647,0.117647059,0.176470588,0.431372549
library,Visual,4.529411765,2.647058824,2.941176471,0.529411765,1.411764706,0.331707317
lift,Visual,4.235294118,3.529411765,2.588235294,0,0.470588235,0.391304348
liquid,Visual,4.588235294,4.176470588,2.823529412,4.235294118,2.9375,0.094062316
magic,Visual,3.764705882,0.823529412,1.941176471,0.176470588,0.294117647,0.512605042
main,Visual,2.352941176,0.941176471,1.352941176,0.529411765,0.3125,0.371734762
majority,Visual,4,0.882352941,2.941176471,0,0.117647059,0.503703704
mass,Visual,4.294117647,3.470588235,1.647058824,0.058823529,0.352941176,0.431137725
measure,Visual,3.882352941,3,1.352941176,1.058823529,0.705882353,0.317647059
meeting,Visual,4.235294118,1.352941176,3.588235294,0.235294118,0.411764706,0.407185629
moment,Visual,3.125,1.2,2.625,0.4375,0.875,0.32526475
music,Auditory,2.235294118,1.235294118,4.941176471,0,0.058823529,0.583333333
myth,Auditory,1.235294118,0.25,4.058823529,0,0,0.732095491
nose,Visual,4.470588235,3.764705882,1.235294118,0.588235294,2.882352941,0.3
note,Visual,4.294117647,2.764705882,2.176470588,0,0,0.464968153
object,Visual,4.529411765,4.294117647,2.941176471,2.411764706,2.647058824,0.125874126
opening,Visual,4.411764706,3.411764706,2.058823529,0.058823529,0.352941176,0.422857143
opportunity,Visual,4.235294118,1.705882353,3.588235294,0.411764706,0.470588235,0.367231638
opposition,Visual,3.823529412,1.352941176,3.058823529,0,0.411764706,0.442176871
origin,Visual,2.470588235,0.411764706,2.058823529,0.352941176,0.647058824,0.356435644
owner,Visual,3.882352941,1.352941176,2.470588235,0,0.647058824,0.464788732
paint,Visual,4.588235294,2.823529412,0.470588235,0.470588235,3.882352941,0.336538462
pair,Visual,4.235294118,2.235294118,1.588235294,0.176470588,0.058823529,0.503546099
paper,Visual,4.411764706,4,1.5625,0.5625,1.5625,0.318140383
pat,Haptic,3.058823529,4.294117647,2.117647059,0.117647059,0.058823529,0.43902439
philosophy,Auditory,1.647058824,0.235294118,3.411764706,0,0.058823529,0.637362637
piece,Visual,3.9375,3,1.125,1.6875,0.9375,0.280701754
plan,Auditory,3.411764706,1.058823529,3.647058824,0.1875,0.117647059,0.419030991
plane,Visual,4.529411765,2.529411765,4.294117647,0.411764706,0.941176471,0.324074074
platform,Visual,4.176470588,2.058823529,1.058823529,0,0.25,0.553606238
poet,Auditory,3.058823529,0.764705882,3.764705882,0,0.411764706,0.470588235
poetry,Auditory,3.058823529,0.588235294,4.352941176,0.058823529,0.117647059,0.525179856
president,Visual,3.764705882,0.647058824,3.411764706,0,0.352941176,0.460431655
pressure,Visual,3.294117647,2.705882353,2.764705882,0.058823529,0.058823529,0.364238411
pride,Visual,3.235294118,0.705882353,2.882352941,0.058823529,0.117647059,0.453781513
prince,Visual,3.764705882,1,3,0,0.529411765,0.453900709
problem,Auditory,3.411764706,1.375,3.529411765,0.294117647,0.588235294,0.351718625
promotion,Auditory,3,0.882352941,3.411764706,0.235294118,0.235294118,0.409090909
proof,Visual,3.882352941,2.058823529,3.352941176,1.117647059,1.352941176,0.235
provision,Visual,2.352941176,1,0.9375,0.75,0.5,0.334439283
public,Visual,4.470588235,2.058823529,3.823529412,0,1.117647059,0.38974359
pupil,Visual,3.529411765,1.294117647,2,0.058823529,0.647058824,0.4609375
purpose,Auditory,2.4375,1.0625,2.5625,0.066666667,0.25,0.391247551
quantity,Visual,4.411764706,3,2,0.411764706,0.352941176,0.398843931
quarrel,Auditory,3.941176471,0.705882353,4.647058824,0,0,0.5
question,Auditory,2.705882353,0.117647059,4.705882353,0,0,0.625
quick,Visual,3.882352941,1.705882353,2.294117647,0.058823529,0.235294118,0.467625899
race,Visual,4.588235294,1.647058824,2.588235294,0.058823529,0.235294118,0.496774194
recall,Visual,3.117647059,1.764705882,2.941176471,1.5625,2,0.136583791
recognition,Visual,4.235294118,2.625,3.9375,1.9375,2.5,0.150820463
reduction,Visual,3.529411765,1.764705882,2.058823529,0.764705882,0.647058824,0.32885906
rent,Visual,2.941176471,1.176470588,1.764705882,0,0,0.5
requirement,Visual,3.3125,0.8125,2.625,0.75,0.6,0.334876543
resistance,Visual,3.625,2.8125,2.3125,0.125,0.3125,0.380952381
rifle,Auditory,4,3.25,4.125,0.125,1.375,0.310679612
rock,Visual,4.352941176,4.176470588,1.647058824,0.058823529,0.294117647,0.407821229
safety,Visual,3.529411765,2.588235294,2.117647059,0.058823529,0.294117647,0.404109589
satisfaction,Visual,3.705882353,2.588235294,3.176470588,2.294117647,1.647058824,0.153508772
sea,Visual,4.764705882,3.705882353,4.058823529,2.882352941,3.411764706,0.1
selection,Visual,2.9375,1.75,2.3125,1.1875,1.5625,0.179487179
shirt,Visual,4.470588235,4.235294118,0.176470588,0,1.882352941,0.415300546
shock,Visual,4.235294118,2.235294118,3.882352941,0.529411765,0.352941176,0.345549738
sight,Visual,5,0.411764706,0.470588235,0.117647059,0.117647059,0.798076923
sister,Auditory,3.529411765,2.529411765,3.625,0.176470588,2.176470588,0.286499695
situation,Visual,3.941176471,2.058823529,3.176470588,0.647058824,1.294117647,0.296296296
skirt,Visual,4.882352941,3.764705882,0.705882353,0,0.529411765,0.494047619
sound,Auditory,0.764705882,0.588235294,5,0,0.0625,0.779369628
spite,Auditory,2.3125,0.375,2.875,0,0,0.516853933
strain,Haptic,3,3.235294118,2.117647059,0.235294118,0.529411765,0.329032258
success,Visual,3.705882353,1.470588235,3.117647059,0.647058824,0.235294118,0.378205128
supper,Gustatory,4.352941176,2.764705882,1.705882353,4.882352941,4.058823529,0.178807947
supply,Visual,3,1.411764706,1.125,0.352941176,0.647058824,0.404949381
suspicion,Visual,3.176470588,1.117647059,2.705882353,0.176470588,0.352941176,0.3984375
taste,Gustatory,1.25,1.647058824,0.235294118,5,2.352941176,0.454417952
tax,Visual,3.529411765,0.882352941,1.411764706,0,0,0.606060606
team,Visual,4.1875,1.9375,3.8125,0.0625,0.75,0.38372093
throw,Visual,4.176470588,3.176470588,1.470588235,0,0,0.473333333
treat,Gustatory,3.117647059,2.705882353,1.588235294,3.470588235,1.882352941,0.147465438
trial,Visual,2.882352941,0.705882353,2.411764706,0.352941176,0.294117647,0.389380531
trust,Auditory,3.294117647,1.588235294,3.352941176,0.117647059,0.058823529,0.391608392
turn,Visual,3.882352941,1.823529412,1.941176471,0,0.176470588,0.496240602
type,Visual,3.294117647,2.705882353,2.411764706,1.647058824,1.588235294,0.146464646
under,Visual,4.235294118,2.705882353,1.1875,0,0.117647059,0.51359786
unit,Visual,3.0625,1.866666667,1.5,0.375,0.375,0.374347069
value,Visual,3.411764706,1.882352941,2.705882353,0.647058824,0.529411765,0.314102564
volume,Auditory,1.647058824,1.117647059,4.352941176,0.235294118,0.176470588,0.5546875
vote,Visual,3.176470588,1.705882353,2.352941176,0,0,0.43902439
wage,Visual,3.588235294,2.705882353,0.3125,0,0.117647059,0.533624932
weather,Visual,4.764705882,3,3.176470588,0.235294118,1.764705882,0.35
welcome,Auditory,3.941176471,2.125,3.941176471,0.5625,0.5625,0.303500661
work,Visual,3.588235294,2.294117647,2.470588235,0.6875,0.882352941,0.292330493
writing,Visual,4.588235294,2,1.058823529,0,0.0625,0.595135908
zero,Visual,2.75,0.5625,1.3125,0.0625,0.1875,0.551282051